artist_id,release_group_id,release_group_name,release_year,on_list
0039c7ae-e1a7-4a7d-9b49-0cbc716821a6,e33e26a4-1d27-428f-ba12-1c970cf860fb,Thank You for Today,2018,1
0039c7ae-e1a7-4a7d-9b49-0cbc716821a6,8b9d6185-ec7b-472e-84f1-19aaf50ed39c,Asphalt Meadows,2022,1
0039c7ae-e1a7-4a7d-9b49-0cbc716821a6,bf65bba2-5f96-4bd1-bf01-665d2f0b2d3a,Asphalt Meadows (Acoustic),2023,0
00467da8-2a92-498f-8b10-a80889bcded7,0f207e08-dd7f-4757-be5b-5815fb29e3c9,V,2017,1
00467da8-2a92-498f-8b10-a80889bcded7,36f45ead-382e-4791-999e-ff5f16d1d143,Night Life,2024,0
00505f51-68a8-45fc-b6d6-51be64751378,b5aead67-41b2-45ef-8681-f5381b402f63,Moveys,2020,0
00505f51-68a8-45fc-b6d6-51be64751378,56c8ef95-b330-4e37-962d-07f463194230,Yard,2023,1
0110e63e-0a9b-4818-af8e-41e180c20b9a,c72b04a0-0f19-470f-aaf4-b50e53942e53,Ape in Pink Marble,2016,0
0110e63e-0a9b-4818-af8e-41e180c20b9a,baab4ad8-19f3-434b-8bf7-2665b625c82f,Ma,2019,0
0110e63e-0a9b-4818-af8e-41e180c20b9a,8ef22f05-d367-4a19-9185-770b3c0d113b,Refuge,2021,0
0110e63e-0a9b-4818-af8e-41e180c20b9a,876edc40-87b5-4f57-a721-deabaad93137,Flying Wig,2023,0
013fa897-86db-41d3-8e9f-386c8a34f4e6,805ffb3a-cad9-46e5-abd8-c421ed62257c,Low in High School,2017,0
013fa897-86db-41d3-8e9f-386c8a34f4e6,df7f3979-4466-4765-93e5-86b8638ed247,California Son,2019,0
013fa897-86db-41d3-8e9f-386c8a34f4e6,602d4071-2abc-4a94-9e1b-0a8dcba94561,I Am Not a Dog on a Chain,2020,0
01808d27-cc1a-4d96-94de-f3dba97d5340,e10f1d57-829f-4787-9ad3-b5c42ccec725,Soft,2021,0
01808d27-cc1a-4d96-94de-f3dba97d5340,9415832e-7f33-424e-8050-492bc9710414,TRYING,2025,0
01d3c51b-9b98-418a-8d8e-37f6fab59d8c,339ee657-7aa0-485e-b294-30a481bafc82,Planetarium,2017,1
01d3c51b-9b98-418a-8d8e-37f6fab59d8c,ccb0ba19-90a4-4ad4-ba4a-0e19ba09c348,Aporia,2020,0
01d3c51b-9b98-418a-8d8e-37f6fab59d8c,cfc20ba0-8c55-46c2-ba3e-745a9a76ce40,The Ascension,2020,1
01d3c51b-9b98-418a-8d8e-37f6fab59d8c,1b4e4b31-7f62-4b27-a8f9-e230f7073cc4,Convocations,2021,0
01d3c51b-9b98-418a-8d8e-37f6fab59d8c,56b4b3e0-70a6-421d-bf3e-34e46787cbf5,A Beginner’s Mind,2021,1
01d3c51b-9b98-418a-8d8e-37f6fab59d8c,56dba069-d0a1-4353-b786-db6fc8269139,Javelin,2023,1
02031e5c-f9ab-4b4e-bc08-a61ea11a455d,545d236f-52ee-4208-9c88-4fc505725324,Bandwagonesque,2017,0
030fe78b-f2e0-4555-bfed-aa52bb790562,629b95f2-d4fe-430c-8bb3-45d625a41a11,Fresh Idiot,2024,1
036912f5-c717-498d-8958-6058de17bb70,5c61b138-6ffa-4f14-a156-25e6d6e70120,In a Poem Unlimited,2018,1
036912f5-c717-498d-8958-6058de17bb70,8a3eeb03-79a7-4624-8f84-ef8b1efa1092,Heavy Light,2020,0
036912f5-c717-498d-8958-6058de17bb70,02d8b7b8-b94b-4d3b-a4d8-000d6351ff91,Bless This Mess,2023,0
036912f5-c717-498d-8958-6058de17bb70,c08edc63-a9fb-4420-9665-cb7ce8695818,Lives,2023,0
036912f5-c717-498d-8958-6058de17bb70,25be72a6-db52-4dab-ba7d-5c0bbd739aa7,Scratch It,2025,0
03eda2c4-a2b3-4a4e-9527-6791b0ed9d2d,4577df3e-7447-43d2-a426-8ab74be0951f,Jaime,2019,1
03eda2c4-a2b3-4a4e-9527-6791b0ed9d2d,164fc46f-f349-4708-a676-c93f686b761a,What Now,2024,1
044fd265-79dd-43eb-afc4-8b20becf7e17,f0c89a63-6cb0-4b5f-9ced-79396b58a191,Drunk,2017,1
044fd265-79dd-43eb-afc4-8b20becf7e17,9ffdc0f1-6683-44f1-9194-a247ecb9b297,It Is What It Is,2020,1
049d86e6-be73-4cb9-b498-0b6103ae3cb1,be3e5d4a-c20d-4b6a-a9f6-560304987867,Forever Just Beyond,2020,0
049d86e6-be73-4cb9-b498-0b6103ae3cb1,0af3a302-ad47-4fca-a543-81c82441218b,Beyond Forever Just Beyond,2021,0
049d86e6-be73-4cb9-b498-0b6103ae3cb1,1598b1a8-fd6d-49ef-822b-29920c90f72c,Smothered & Covered Vol. 2,2024,0
049d86e6-be73-4cb9-b498-0b6103ae3cb1,b45beed1-1beb-4775-b66d-d04b14a62bb1,Oh Smokey,2024,0
04c5ca8a-4afa-4031-aced-6357440dbc25,213c3c06-f954-4a60-b655-721fabb52042,Inlet,2020,1
04f57a2d-2449-400e-8fff-5b1c5af9560b,32290c40-8037-49ea-84ab-64c5ec8f192e,Livin' on a High Note,2016,0
04f57a2d-2449-400e-8fff-5b1c5af9560b,72bbcdb1-d8d6-46d5-8a83-6262d7846cf4,If All I Was Was Black,2017,0
04f57a2d-2449-400e-8fff-5b1c5af9560b,a7e6809b-1c22-4e3f-8a8b-76d425c77303,We Get By,2019,0
04f57a2d-2449-400e-8fff-5b1c5af9560b,b02361f2-3851-4a45-a687-8597ea7f4219,Sad and Beautiful World,2025,1
05010b18-ba21-46dc-be6d-615d90170b8e,28b7c6bd-676e-46b5-b2e7-4cbf5f72a4d6,Wild Roots,2022,0
05755bf1-380c-487f-983f-d1a02401fa28,83720f3f-3207-4a95-8fca-0d68c2b049b3,Wanderer,2018,1
05755bf1-380c-487f-983f-d1a02401fa28,1adaab4d-5ee5-4498-881d-d0256b9f277d,Covers,2022,0
067102ea-9519-4622-9077-57ca4164cfbb,ec24084c-5b70-4b98-a087-35bb2318e518,Blaze Away,2018,0
067102ea-9519-4622-9077-57ca4164cfbb,4b3673e9-8cd8-4483-8257-5c8f2cf39c34,Blackest Blue,2021,0
067102ea-9519-4622-9077-57ca4164cfbb,7dcac9f3-4ee6-4fce-953d-be4d8db3161d,Escape the Chaos,2025,0
072a1c1a-08a1-4bee-8ff2-94d047b50f37,ab8c3f16-657e-4d39-9184-74ba1486a5c2,"Nothing for Me, Please",2023,0
072a1c1a-08a1-4bee-8ff2-94d047b50f37,b96e1864-e3e9-4cf6-a466-4a01e149c7b9,I Hope We Can Still Be Friends,2025,1
072d4c31-8fd7-4073-9efc-7e192b517906,4d79cba0-88d5-4634-a995-30300b8327b8,Hitch,2016,0
072d4c31-8fd7-4073-9efc-7e192b517906,59e78a06-1d7b-4593-9dc2-3eec24438259,AAARTH,2018,0
072d4c31-8fd7-4073-9efc-7e192b517906,1010f6d8-9953-45fe-b1de-1f28edb1f056,Into the Blue,2021,0
072e6967-a712-469f-8d2a-a8ef2296dab9,ff48fbb9-d3c6-4aae-9aae-5b13c7577a61,Quinceañera,2018,0
0741b30d-e15b-4a8c-b2e5-8834a03d6116,93cbcacc-5d53-4135-8242-82dbd26fa09e,LA Divine,2017,0
0741b30d-e15b-4a8c-b2e5-8834a03d6116,167d24c4-ea48-4513-b96e-d1e58ce3c2d1,New Age Norms 1,2019,0
0741b30d-e15b-4a8c-b2e5-8834a03d6116,5bac97bb-d4c8-4e2f-b535-74c12d9ec6d1,New Age Norms 2,2020,0
0741b30d-e15b-4a8c-b2e5-8834a03d6116,b38de548-1e16-4f83-925b-f3bd14bdf136,New Age Norms 3,2021,0
0741b30d-e15b-4a8c-b2e5-8834a03d6116,907ad6a6-baf7-4cb6-ae47-a2990333b01b,Cold War Kids,2023,0
07a17571-81fc-4cf8-a634-98f0d926d313,3c3ca8ad-514b-47ed-af80-6cc3036f8283,Emotional Mugger,2016,1
07a17571-81fc-4cf8-a634-98f0d926d313,bcc76cdb-fd40-4c62-945b-fc79519d2d26,Ty Segall,2017,1
07a17571-81fc-4cf8-a634-98f0d926d313,b413f67f-a68b-48d7-8b33-abbc09e9f763,Freedom’s Goblin,2018,1
07a17571-81fc-4cf8-a634-98f0d926d313,a44b1be1-068c-4019-bdb4-a40189b95686,Joy,2018,0
07a17571-81fc-4cf8-a634-98f0d926d313,3bd9ac81-8e40-4106-aa83-2254766b4dde,Orange Rainbow,2018,0
07a17571-81fc-4cf8-a634-98f0d926d313,c779efbc-4e5d-4467-a308-25e40bef8ba1,Fudge Sandwich,2018,0
07a17571-81fc-4cf8-a634-98f0d926d313,631ac6aa-a333-4999-8b4e-fcae0f2ca907,First Taste,2019,0
07a17571-81fc-4cf8-a634-98f0d926d313,53b893e3-8500-4186-808c-f6016c71e736,Harmonizer,2021,1
07a17571-81fc-4cf8-a634-98f0d926d313,38798992-729a-46e2-ba30-6881d6d81523,"""Hello, Hi""",2022,0
07a17571-81fc-4cf8-a634-98f0d926d313,07977ce9-7229-47c2-a902-e4613e6def36,Three Bells,2024,1
07a17571-81fc-4cf8-a634-98f0d926d313,a78a8f03-1216-4ccd-91c1-244ca7a6b992,Love Rudiments,2024,0
07a17571-81fc-4cf8-a634-98f0d926d313,ad302229-cd11-472f-88ab-1e245977372f,Possession,2025,1
07b6020a-c539-4d68-aeef-f159f3befc76,325f19b6-9495-427c-8962-893b5c6e427c,Why Are You OK,2016,1
07b6020a-c539-4d68-aeef-f159f3befc76,10d53273-c82e-4943-bdc3-8a34d6f4ac46,Things Are Great,2022,1
081b133e-ce74-42ba-92c1-c18234acb532,f8ff1a52-b8ae-4273-8e32-50661a9f52d3,Are You Serious,2016,1
081b133e-ce74-42ba-92c1-c18234acb532,cd08f710-f31e-4fd6-b6e8-e60af9772d05,Echolocations: River,2017,0
081b133e-ce74-42ba-92c1-c18234acb532,1f22d328-ce8e-47d8-9fa6-814b13b67152,My Finest Work Yet,2019,1
081b133e-ce74-42ba-92c1-c18234acb532,c9340a93-4839-4bb6-b4cd-c6df775e8a54,HARK!,2020,0
081b133e-ce74-42ba-92c1-c18234acb532,508916e7-c3bd-4b60-a941-445a081dc560,These 13,2021,0
081b133e-ce74-42ba-92c1-c18234acb532,c7f19a03-c1b7-4a13-b4ec-32f166fd8fa7,Inside Problems,2022,0
081b133e-ce74-42ba-92c1-c18234acb532,2042848b-40f9-48ad-b030-285c8898e545,Outside Problems,2023,0
081b133e-ce74-42ba-92c1-c18234acb532,70df636b-2268-4c48-8d9e-22ac490b12ba,Sunday Morning Put-On,2024,0
081b133e-ce74-42ba-92c1-c18234acb532,48b61508-d564-49c0-bc7e-25adf469f156,Cunningham Bird,2024,0
0881daf1-20df-4a3e-a84f-6476a84bb172,28d641c3-179d-4214-88d2-4727ef067397,Banana Skin Shoes,2020,0
09d8290b-6ada-422f-8ce3-19349fb1c15d,09228890-814f-4813-aef5-10a17d9ea8d3,English Tapas,2017,0
09d8290b-6ada-422f-8ce3-19349fb1c15d,59d5a669-91ad-4dbd-8f3e-878827d4092e,Eton Alive,2019,0
09d8290b-6ada-422f-8ce3-19349fb1c15d,adc9976e-dc67-4604-b907-4e4e12cdb292,Spare Ribs,2021,1
09d8290b-6ada-422f-8ce3-19349fb1c15d,175d2148-dcc2-4b95-aa94-53c0cb956330,UK GRIM,2023,1
09f91305-e193-48af-92e3-252b3dd5e718,4f6697fa-7755-40a8-a769-865a29e5e0ca,Water From Your Eyes,2016,0
09f91305-e193-48af-92e3-252b3dd5e718,69c99c44-4a78-4383-b9ef-6b2851e75c91,"Long Days, No Dreams",2017,0
09f91305-e193-48af-92e3-252b3dd5e718,ea445ea0-0e2b-476a-95e7-f36fe9f2ac0c,Somebody Else's Song,2019,0
09f91305-e193-48af-92e3-252b3dd5e718,0d697965-756b-4e83-bbd6-bdf477ce5668,Somebody Else's Songs,2021,0
09f91305-e193-48af-92e3-252b3dd5e718,ed9a1677-a211-4719-8b12-2160c7f3c486,Structure,2021,0
09f91305-e193-48af-92e3-252b3dd5e718,082363d7-2028-434f-b77b-ce956585ed99,Everyone’s Crushed,2023,0
09f91305-e193-48af-92e3-252b3dd5e718,9398c054-a0d2-4fd4-a95b-9afc02012827,It’s A Beautiful Place,2025,1
0a176d0a-ef46-4e7f-b018-9f4d65614668,e9de38e4-1391-4946-87f2-ffff93a963f9,True Sadness,2016,1
0a176d0a-ef46-4e7f-b018-9f4d65614668,acd25023-9114-4a84-9f4a-fa5999bb2fc5,Closer Than Together,2019,0
0a176d0a-ef46-4e7f-b018-9f4d65614668,2980b22a-7098-4a3d-a4ce-9ef303581bed,The Avett Brothers,2024,0
0a19e3e4-7970-4adf-8439-90bdcc9c8661,2efea2fe-b9b0-4678-a74f-9e5915d65dc5,"Being No One, Going Nowhere",2016,0
0a19e3e4-7970-4adf-8439-90bdcc9c8661,2fbbb16c-8642-40ab-8100-c7d99c2a9b61,Future Past Life,2020,0
0a19e3e4-7970-4adf-8439-90bdcc9c8661,89e55d9e-26f3-4403-8d43-0818753cabdf,Ambient 1,2020,0
0a19e3e4-7970-4adf-8439-90bdcc9c8661,dd583048-a27c-4ed9-aec5-808435357d27,Parallel Realms,2024,0
0a28e2c9-20d3-4541-8e25-bcea06916fc2,f720b751-8be4-4f6f-b839-757c35238e54,Famous Last Words,2017,1
0a28e2c9-20d3-4541-8e25-bcea06916fc2,5ee1076b-8b60-4e4e-bcc4-8b6be7af8b7a,Sunday Afternoon,2021,1
0ae49abe-d6af-44fa-8ab0-b9ace5690e6f,5bf829a8-bb49-43ca-be70-81d50629a0cc,Everything Else Has Gone Wrong,2020,1
0ae49abe-d6af-44fa-8ab0-b9ace5690e6f,82fa1ba9-9e1f-4627-9948-3373b9d68d30,My Big Day,2023,1
0af78501-5647-4c18-9a0d-66ac8789e13b,5d4637b7-d118-44b4-a29e-57cf8e029a62,Gallipoli,2019,1
0af78501-5647-4c18-9a0d-66ac8789e13b,f8dec445-dbf5-4cce-95b7-25254bacd7f0,Hadsel,2023,0
0af78501-5647-4c18-9a0d-66ac8789e13b,72c916b3-91eb-4df4-9083-c96bc8b384af,A Study of Losses,2025,0
0b183251-c4a7-47ab-87b4-4cc0e50dfe95,b68ea581-3f07-425f-8ff4-3fc6fdbfb849,SLUFF,2018,1
0b183251-c4a7-47ab-87b4-4cc0e50dfe95,f36c276f-a171-4569-9687-52ea101b6c1e,The Shadow,2020,1
0b183251-c4a7-47ab-87b4-4cc0e50dfe95,97c3ea2a-a042-4534-969f-9c164fc986c0,Shine Away,2024,0
0b461f11-c7af-4ddb-a30e-5cb0aabb3e7f,4c3eaf85-ff33-4797-bfdf-181763aa546b,Wyatt at the Coyote Palace,2016,0
0b461f11-c7af-4ddb-a30e-5cb0aabb3e7f,255c82a5-ddaf-44cd-bb28-4e85f0161bae,Possible Dust Clouds,2018,0
0b461f11-c7af-4ddb-a30e-5cb0aabb3e7f,48bad33d-50c2-4ddf-82b4-870ed0cdc22a,Clear Pond Road,2023,0
0c751690-c784-4a4f-b1e4-c1de27d47581,1988499c-4dda-4e63-b952-0afd4e502842,Painting With,2016,1
0c751690-c784-4a4f-b1e4-c1de27d47581,ee936249-9671-44c3-a446-1776150d781e,Time Skiffs,2022,0
0c751690-c784-4a4f-b1e4-c1de27d47581,15a71c62-eb99-47c4-a90a-4358b80b896f,Isn't It Now?,2023,0
0cf9d983-aecf-4d57-9e94-fde2beac014f,c7b140cc-a945-4ed4-b987-d5f46af6b31f,Powers,2019,0
0cf9d983-aecf-4d57-9e94-fde2beac014f,c5a9cf74-19e9-419e-9d21-981677a01e85,Christmas,2025,0
0d9905e6-add6-4713-94ca-9f686f9b5e9b,8dbb1432-e000-44f9-a9a9-35a90683ec31,On My One,2016,0
0d9905e6-add6-4713-94ca-9f686f9b5e9b,f18c1a9a-c1ab-459e-a200-029bbb242ae9,Hearts That Strain,2017,0
0d9905e6-add6-4713-94ca-9f686f9b5e9b,ce02ac7a-ea42-4a30-ab3f-ab5e4f38453b,Saturday Night Sunday Morning,2021,0
0d9905e6-add6-4713-94ca-9f686f9b5e9b,5afe3146-9d94-46eb-aef5-b99f50a9a643,A Modern Day Distraction,2024,0
0daf1c34-212a-442f-905d-c44f2adcc020,19cd18c3-494a-458e-874d-9249121a1b4b,Building a Beginning,2016,0
0daf1c34-212a-442f-905d-c44f2adcc020,c71676df-c692-4a39-87e6-905300dc48cd,Nagroni,2024,0
0daf1c34-212a-442f-905d-c44f2adcc020,a165bc72-17ad-46ba-9f6c-bd38e48dee0a,Places of Unknowing,2025,0
0daf1c34-212a-442f-905d-c44f2adcc020,693d0280-6652-4e86-bad4-042ec8d34c70,A Companion for the Spaces Between Dreams,2025,0
0dcf7f6e-da64-4fa7-bc80-5950c55fa8d2,f41094f0-7871-448b-bd4c-6e741a24356f,Colours. Reflect. Time. Loss.,2019,0
0dcf7f6e-da64-4fa7-bc80-5950c55fa8d2,031c778c-694a-46af-8b16-639280ce66a6,Counter Melodies,2023,0
0dcf7f6e-da64-4fa7-bc80-5950c55fa8d2,d35bad09-0539-450d-80a4-fdcbb968745e,Welcome to the Tudor Gate,2025,0
0e0dd9da-5878-4c46-9a9a-6df43abb5c96,aef71fa8-c3a8-4590-b948-b9746463fb4f,Hot Hot Heat,2016,0
0e6b3a2c-6a42-4b43-a4f6-c6625c5855de,8be7657d-dbbe-4387-a5a4-1488acaef3db,Souvenir,2016,0
0e6b3a2c-6a42-4b43-a4f6-c6625c5855de,abea9a37-ebd5-4998-9baf-335d3cb6f835,HALF,2018,0
0ece139d-19a4-44c6-85e6-0406e8055a21,c637b02b-ab9b-482c-ac91-bae0f1451927,Uyai,2017,0
0ece139d-19a4-44c6-85e6-0406e8055a21,1577ba64-3fa9-4ed5-b445-df3a2ae05a18,Doko Mien,2019,0
0ece139d-19a4-44c6-85e6-0406e8055a21,09d5a6e2-95b8-403d-ab5c-18de5c8262ac,Electricity,2022,1
0ece139d-19a4-44c6-85e6-0406e8055a21,d1b914ac-df17-4192-b4e0-6cbb412f22f9,Pull the Rope,2024,1
0eee89dc-7d86-4a15-97be-011652c49288,55116371-b16f-45d5-8416-ede56d492216,Ruminations,2016,1
0eee89dc-7d86-4a15-97be-011652c49288,23092ead-bb6b-4ba4-9753-253c02b48d3d,Salutations,2017,0
0efbd9d6-4c5b-48e5-b7ff-d61e0969893a,b4fac9c3-e9db-4a6c-a068-bbecd311bfac,Hard Love,2017,0
0efbd9d6-4c5b-48e5-b7ff-d61e0969893a,cf19e82c-e10e-4be7-be83-7ff617811b02,Harder Love,2018,0
0efbd9d6-4c5b-48e5-b7ff-d61e0969893a,36971440-e5b0-41cc-bb18-cba82b5c5212,Eraserland,2019,1
0efbd9d6-4c5b-48e5-b7ff-d61e0969893a,55c573f3-501c-45e9-96a8-9c8fd06339c0,In Heaven,2021,1
0efbd9d6-4c5b-48e5-b7ff-d61e0969893a,48121315-2b67-464b-9496-2c8c60abb96f,In Heaven (Acoustic),2022,0
0efbd9d6-4c5b-48e5-b7ff-d61e0969893a,ffc63ff6-c3f3-4391-9d22-97b973679fa3,Miracle Focus,2024,0
0efe858c-89e5-4e47-906a-356fa953fd6e,61e3e278-dc6f-4313-aed0-a61301abcbba,Violence,2018,0
0efe858c-89e5-4e47-906a-356fa953fd6e,6bd315ff-7891-4e16-a2cf-06488918d06a,EBM,2022,0
0f211bfc-8c69-4cb7-9165-acbe4353cb0a,0be39fe9-df0a-4024-bf47-248c93e18a50,Merrie Land,2018,0
0f74b263-65bf-4027-9708-45aadf40122d,bab638f1-6de5-4997-9dbe-11931c98782e,Amyl and the Sniffers,2019,1
0f74b263-65bf-4027-9708-45aadf40122d,dae7fa1e-f8e6-4eef-a0a4-700307c439be,Comfort to Me,2021,1
0f74b263-65bf-4027-9708-45aadf40122d,32fdf291-cd36-4b48-9c6c-fd3ad7956092,Cartoon Darkness,2024,1
0f96c38b-8e21-4571-afe0-cb11196a8acd,acdf407e-e34e-4e25-bdcc-3d26fff792b9,Real Power,2024,0
0fabbc1d-8d94-4a61-bd1d-1099ad1e4559,7413db7e-163c-4e48-bd8e-c41fd466b2c1,Teens of Denial,2016,1
0fabbc1d-8d94-4a61-bd1d-1099ad1e4559,eeab54c6-ad8d-40c9-b595-87bae6a42397,Twin Fantasy (Face to Face),2018,1
0fabbc1d-8d94-4a61-bd1d-1099ad1e4559,6dc61ab6-c71a-4790-b54b-7eec5c6a2cfe,Making a Door Less Open,2020,1
0fabbc1d-8d94-4a61-bd1d-1099ad1e4559,1ffb40da-b2b5-486b-aec8-e3e685e9983e,The Scholars,2025,1
0fc78799-38c2-4ee1-8c0f-0b8f7009b7ba,97a8636b-af26-46b9-a3f4-4ed57c75a2da,An Evening With Silk Sonic,2021,1
10000730-525f-4ed5-aaa8-92888f060f5f,299408a0-9846-4234-9d1e-559a5d54f8df,The Bride,2016,0
10000730-525f-4ed5-aaa8-92888f060f5f,7aadf038-4270-4e1f-820d-f9f367f6dfa9,Lost Girls,2019,0
10000730-525f-4ed5-aaa8-92888f060f5f,90aef339-695c-46e6-b3a1-52e73689b3c4,The Dream of Delphi,2024,0
10000730-525f-4ed5-aaa8-92888f060f5f,6b311e97-66df-4a8b-9ccb-7f697c350d6b,The Dream of Delphi (Harp Visions),2024,0
101e0102-841f-4858-972b-edf716ee67c9,f90796ba-303c-4d8f-8f1c-2db18b16baed,Cover Ups: The Home Recordings,2016,0
101e0102-841f-4858-972b-edf716ee67c9,5081da74-10d4-49fd-be22-e1c4891c8a41,Chemistry and Math,2017,0
101e0102-841f-4858-972b-edf716ee67c9,174f10b3-40a6-4ef0-baed-3aeed3973033,History Of Everything Ever,2021,0
101e0102-841f-4858-972b-edf716ee67c9,61b4bf78-d3fc-4f7c-a0cf-6b72f8f996c7,Cover Ups,2023,0
101e0102-841f-4858-972b-edf716ee67c9,69779b87-d29e-4ff5-981d-c37ea012fb40,"Cover Ups, Vol. 1 & 2",2023,0
101e0102-841f-4858-972b-edf716ee67c9,1c8a3660-85fa-447c-a969-f7c4fd78433f,Take Me Places,2025,0
11375302-8f1d-421c-ad0d-172c9d815631,d4dde11f-1ec0-4566-9612-3d855cf0e0a2,Terrible Human Beings,2017,0
11375302-8f1d-421c-ad0d-172c9d815631,9c47118d-29f0-4972-9de0-4eb105978b4a,The Orwells,2019,0
11375302-8f1d-421c-ad0d-172c9d815631,16702386-ed43-48c7-8cc5-de599fbaaa2b,Friendly Fire,2023,0
116b79ab-b049-4299-8fd8-17ac8a18b7f3,da4462e7-4225-42e5-af2d-d076f7a474a9,Spiral,2021,0
116b79ab-b049-4299-8fd8-17ac8a18b7f3,2d015a81-5ff0-4752-9254-8febd14dc7f5,Nothing,2025,0
11c6b106-1c1f-429d-8407-b1ee155d7f72,908e6af0-4455-4aa9-8bfd-f6fa6038d3b8,Dress Rehearsal,2025,0
11cbb56f-2846-488a-90aa-1ec7b93353f3,e201cc6a-0c65-4943-a457-3c857c60a8b4,Light in the Window,2016,0
11cbb56f-2846-488a-90aa-1ec7b93353f3,d8224279-aead-4d90-9aaf-1d5cf359a399,Love and Sex and Fear of Death,2024,0
11dee790-19d5-4afb-bff7-fd85115e3ed3,f0c8c622-46a6-4b60-b713-de7ba34986a0,Medicine for Birds,2016,0
11dee790-19d5-4afb-bff7-fd85115e3ed3,9cc156d2-f689-412a-802a-d024199f8c92,Cha Cha Palace,2020,0
11dee790-19d5-4afb-bff7-fd85115e3ed3,025a02ec-b976-4e03-bdeb-683c02611df5,Gemelo,2024,1
11eabe0c-2638-4808-92f9-1dbd9c453429,282a550b-318c-4390-9727-f79d5805f4f4,Balter / Saunier,2016,0
11eabe0c-2638-4808-92f9-1dbd9c453429,83663b9f-9195-4a33-af33-2e179387c217,The Magic,2016,0
11eabe0c-2638-4808-92f9-1dbd9c453429,2c88b473-3866-463c-912b-96b02a09cbc2,Mountain Moves,2017,0
11eabe0c-2638-4808-92f9-1dbd9c453429,eb8d7f6b-90d8-4aa8-844b-6799034bdb77,Future Teenage Cave Artists,2020,0
11eabe0c-2638-4808-92f9-1dbd9c453429,c635d446-4a66-4aa9-a732-aed0ed753dd8,Love-Lore,2020,0
11eabe0c-2638-4808-92f9-1dbd9c453429,e2c7508a-dba4-469c-bc36-785903d16fc0,"Actually, You Can",2021,0
11eabe0c-2638-4808-92f9-1dbd9c453429,9bc50628-993e-4eeb-90de-a2bb62d41003,Miracle‐Level,2023,0
11eabe0c-2638-4808-92f9-1dbd9c453429,f1155372-ab8a-453c-8ecb-a3bc67b2ae73,Noble and Godlike in Ruin,2025,0
11f570ff-44d9-4e9c-8812-e6d56103c5c1,c51bb243-59ac-4de0-9a51-4ead3d4e1bf8,Love & Hate,2016,1
11f570ff-44d9-4e9c-8812-e6d56103c5c1,042fe94f-5846-469c-a739-38a9e0574d5c,KIWANUKA,2019,1
11f570ff-44d9-4e9c-8812-e6d56103c5c1,7940007c-780d-40aa-8eb8-c3d81768c6c0,Small Changes,2024,0
130c2184-14f2-4180-a216-04b5a333be57,9dde8e62-7159-415f-9a54-74f170e2a4aa,Process,2017,0
130c2184-14f2-4180-a216-04b5a333be57,b745c43d-3abf-48a3-8caf-81c25d40d100,Lahai,2023,1
1395c84b-2e84-4f25-9962-f1c0d5aa31ed,a32980ce-a8cd-4472-9e3c-0101236f21a1,Room 25,2018,0
1395c84b-2e84-4f25-9962-f1c0d5aa31ed,f8c51f7d-b7d0-4e82-8197-36169fc1db90,Sundial,2023,1
13e2db47-3010-48b8-a8b9-667551f37119,45f8261c-e781-4a8f-b1f6-ca6616bd1dfe,choke enough,2025,1
14387b0f-765c-4852-852f-135335790466,99230c20-a341-4218-9c15-f498cdc4ed21,The Deconstruction,2018,0
14387b0f-765c-4852-852f-135335790466,fda51ed8-cc6f-4e0f-a7b2-9b9ed1ed5157,Earth to Dora,2020,0
14387b0f-765c-4852-852f-135335790466,39d4e239-a3fd-4754-b05c-d4646136e8c2,Extreme Witchcraft,2022,0
14387b0f-765c-4852-852f-135335790466,e159ede0-3546-4cba-a1d7-fbadfbe2111d,EELS TIME!,2024,0
14d44067-99c2-4f77-b58b-138f0b6911fa,c5b39f08-78b8-41cd-a5c6-3ddfe0cd406a,Lux Prima,2019,1
14f42d15-e97b-4dd9-8996-ffc6f00b6f2b,63b35f73-2894-4796-9be3-03f129cf7f87,Nelson Sings Nilsson,2019,0
161f6179-7ccf-425f-89de-8c40f98eb4b0,0966317f-533b-4deb-8b9f-3afc20b3077a,Acapulco Lips,2016,1
161f6179-7ccf-425f-89de-8c40f98eb4b0,9a081602-b890-4ed2-a210-309395a43666,Now,2025,0
1625819f-79d7-4787-b2fb-0e0c260bac85,5a76b1a5-e614-41fd-893a-a89ab418de16,III,2020,0
164f0d73-1234-4e2c-8743-d77bf2191051,8c18657a-6338-490d-a952-897663596b96,The Life of Pablo,2016,1
164f0d73-1234-4e2c-8743-d77bf2191051,6448381d-9d98-4f84-b99d-733b6acde906,ye,2018,0
164f0d73-1234-4e2c-8743-d77bf2191051,ee26718c-2633-4278-8718-f3a45a95f20e,Jesus Is King,2019,0
164f0d73-1234-4e2c-8743-d77bf2191051,7f4792fe-b563-4554-849a-95a89be71f84,Donda,2021,0
164f0d73-1234-4e2c-8743-d77bf2191051,29ec6f1b-2d42-4a18-963b-0dfd3c24aaf3,WAR,2022,0
164f0d73-1234-4e2c-8743-d77bf2191051,b3175cec-5a71-4921-92e2-beb62f0e5856,Bad Bitch Play Book Vol. 1,2023,0
164f0d73-1234-4e2c-8743-d77bf2191051,8f01a292-ba4a-4992-9555-f3a7a4a215f3,Bad Bitch Play Book Vol. 2,2023,0
164f0d73-1234-4e2c-8743-d77bf2191051,9f4b38bf-5903-4eab-9009-3fd7584986ff,Donda 2: As It Burns,2024,0
164f0d73-1234-4e2c-8743-d77bf2191051,2d542d35-eb5d-4bab-aafa-f71cca42cefa,WAR (by Chropic),2025,0
1676172f-657a-4771-96ff-4a1c2ef1997e,13619ac0-0599-452a-90f0-87f13ae5650b,Good Grief,2016,0
1676172f-657a-4771-96ff-4a1c2ef1997e,a9e68d59-ae9a-4b0f-8f74-9e84de24ac45,NUDES,2018,0
1676172f-657a-4771-96ff-4a1c2ef1997e,6c4b7a49-a3cd-4241-8a2a-4779f9a93452,Second Nature,2022,0
1676172f-657a-4771-96ff-4a1c2ef1997e,6e661292-adbb-4f80-b516-c849e2337995,Wildewoman (The New Recordings),2024,0
1676172f-657a-4771-96ff-4a1c2ef1997e,fceb3f64-2674-4a53-8ccb-114bbe7e32a0,Lucius,2025,0
172053e5-a7fb-4548-a64d-c53858b5e775,a74acf07-a198-400f-b54b-9f41dbaa4b1d,Pure Comedy,2017,1
172053e5-a7fb-4548-a64d-c53858b5e775,c0fe261d-d690-463b-9a07-e42568a6987b,God’s Favorite Customer,2018,1
172053e5-a7fb-4548-a64d-c53858b5e775,979ed39e-2377-4f37-8a21-722e2a49dd10,Chloë and the Next 20th Century,2022,0
172053e5-a7fb-4548-a64d-c53858b5e775,4a1dd863-7f8a-4c5e-991b-ad315b367b21,Mahashmashana,2024,1
172aab84-4c01-4dc0-b2ad-e723033e10ec,54760f01-aee2-4cc4-ac8b-ee381a3523b4,Steamroom 24,2016,0
172aab84-4c01-4dc0-b2ad-e723033e10ec,2da44cf4-1952-4c30-b291-3d0a90029b19,Steamroom 25,2016,0
172aab84-4c01-4dc0-b2ad-e723033e10ec,931d5ff5-4a8b-40de-8ae8-57416d505fda,Steamroom 27,2016,0
172aab84-4c01-4dc0-b2ad-e723033e10ec,4277cd17-a6c8-4e3a-b66c-ceda32e75cd1,Steamroom 29,2016,0
172aab84-4c01-4dc0-b2ad-e723033e10ec,421969db-0492-430e-a8d2-3ef8fce42d01,It’s Hard for Me to Say I’m Sorry,2016,0
172aab84-4c01-4dc0-b2ad-e723033e10ec,d855a985-52f9-4373-9f7c-a4c71ead95c7,Steamroom 30,2016,0
172aab84-4c01-4dc0-b2ad-e723033e10ec,69b1ec85-7833-43bc-b558-0e27cf9e24ac,Steamroom 32,2017,0
172aab84-4c01-4dc0-b2ad-e723033e10ec,4781d46e-a7c0-4b73-8b2a-abd7d7077274,Wakes on Cerulean,2017,0
172aab84-4c01-4dc0-b2ad-e723033e10ec,5bfee0e8-7bba-4367-b68b-d9fc5b4747a5,Steamroom 34,2017,0
172aab84-4c01-4dc0-b2ad-e723033e10ec,2f224944-93cc-4b0f-80ce-be1fe9419bdb,Steamroom 36,2017,0
172aab84-4c01-4dc0-b2ad-e723033e10ec,ac4265bb-e93e-4b79-b6da-9035ae276700,Steamroom 37,2017,0
172aab84-4c01-4dc0-b2ad-e723033e10ec,9dd66e5a-b6f7-4420-af4a-64aa14d20c7b,Steamroom 38,2018,0
172aab84-4c01-4dc0-b2ad-e723033e10ec,112256d9-1aab-4724-8d51-4ad4081f3eca,Steamroom 39,2018,0
172aab84-4c01-4dc0-b2ad-e723033e10ec,1a8e3ebc-853f-47f4-a6d7-9efbd2165531,Steamroom 40,2018,0
172aab84-4c01-4dc0-b2ad-e723033e10ec,c19a76ab-9118-4cea-a54c-61105b0e5c09,Sleep Like It’s Winter,2018,0
172aab84-4c01-4dc0-b2ad-e723033e10ec,0de19dca-9cb0-4146-9f8e-57465a1f4f41,Steamroom 41,2018,0
172aab84-4c01-4dc0-b2ad-e723033e10ec,595d9202-5eda-49ab-a12e-e3e2159eed67,Hence,2018,0
172aab84-4c01-4dc0-b2ad-e723033e10ec,b15a0b86-5fa1-42c3-bd4a-cac2a8ae7cef,Steamroom 42,2018,0
172aab84-4c01-4dc0-b2ad-e723033e10ec,b3acfd82-6ab6-460c-a688-439977d8a62b,Steamroom 43,2019,0
172aab84-4c01-4dc0-b2ad-e723033e10ec,9d7e73e6-53c9-4b60-a3fa-789160841184,Side A / Side B,2019,0
172aab84-4c01-4dc0-b2ad-e723033e10ec,ceef0598-a2eb-4f30-89ea-4e44ea760899,Steamroom 44,2019,0
172aab84-4c01-4dc0-b2ad-e723033e10ec,fa47b42d-05ff-4cfa-80f8-c4422ecc524d,Patience Soup,2019,0
172aab84-4c01-4dc0-b2ad-e723033e10ec,832b9a1d-8753-4900-8b7f-c4e20dd625f4,Steamroom 45,2019,0
172aab84-4c01-4dc0-b2ad-e723033e10ec,9b39dcf7-848c-4362-ab4e-850af74defe8,"In, Demons, In!",2019,0
172aab84-4c01-4dc0-b2ad-e723033e10ec,5dfb2b95-a066-4a2e-b043-9f5ef5a63a38,Steamroom 46,2019,0
172aab84-4c01-4dc0-b2ad-e723033e10ec,ab230a7f-7bc1-4a79-9414-d309862ea6ea,To Magnetize Money and Catch a Roving Eye,2019,0
172aab84-4c01-4dc0-b2ad-e723033e10ec,787d23d2-945c-48fe-9efd-92e48e370f76,"great addition to the music server collection, but not that satisfying as listening session material",2019,0
172aab84-4c01-4dc0-b2ad-e723033e10ec,5df52339-4a9e-4a4e-a0c4-98be276efb91,Le Piano englouti,2020,0
172aab84-4c01-4dc0-b2ad-e723033e10ec,1b5cf8c3-0952-46f5-bd0b-be7a891dcc39,Steamroom 47,2020,0
172aab84-4c01-4dc0-b2ad-e723033e10ec,79db7e36-96d4-40b1-b608-5726d28dcfb5,Steamroom 48,2020,0
172aab84-4c01-4dc0-b2ad-e723033e10ec,e8ca99ff-fb9b-425e-b370-abe32a3b8d6e,In Cobalt Aura Sleeps,2020,0
172aab84-4c01-4dc0-b2ad-e723033e10ec,5b440b83-df51-4422-a787-2915787546a5,Steamroom 49,2020,0
172aab84-4c01-4dc0-b2ad-e723033e10ec,8b1a6e78-ef0f-41bf-a516-a6c1fc0ec647,Shutting Down Here,2020,0
172aab84-4c01-4dc0-b2ad-e723033e10ec,6b8ae165-39a1-4a64-ac2f-6e066a780f19,追体兼 / Vicarious,2020,0
172aab84-4c01-4dc0-b2ad-e723033e10ec,0b08d60c-c929-40c1-b386-ad55989356a4,Steamroom 50,2020,0
172aab84-4c01-4dc0-b2ad-e723033e10ec,83f88561-467b-42dd-9887-33d9e10adf28,Steamroom 51,2020,0
172aab84-4c01-4dc0-b2ad-e723033e10ec,00157b42-7c12-4ed8-802e-abb2ff0189a0,Steamroom 52,2021,0
172aab84-4c01-4dc0-b2ad-e723033e10ec,69a1b16a-701a-4632-8a2d-179fce70406d,Best That You Do This for Me,2021,0
172aab84-4c01-4dc0-b2ad-e723033e10ec,cbdc3ea1-b40b-449e-83cf-c346a14ff193,Steamroom 53,2021,0
172aab84-4c01-4dc0-b2ad-e723033e10ec,7268652f-d2a2-4b81-9f8e-b0d74524e329,Treatments,2021,0
172aab84-4c01-4dc0-b2ad-e723033e10ec,c46424ff-2c3b-468d-bb89-d50feb6e4386,Too Compliment,2021,0
172aab84-4c01-4dc0-b2ad-e723033e10ec,906c6c14-9aa3-4ef8-aff7-a66cc36db2d0,Additive Inverse,2021,0
172aab84-4c01-4dc0-b2ad-e723033e10ec,e4b6648c-009d-4330-803d-64a853e781e0,Steamroom 56,2021,0
172aab84-4c01-4dc0-b2ad-e723033e10ec,b2f57a50-7639-4407-ba06-fa30168c4780,Steamroom 57,2021,0
172aab84-4c01-4dc0-b2ad-e723033e10ec,b6fe898a-7c27-4382-8f82-1e00471c4df3,置大石,2021,0
172aab84-4c01-4dc0-b2ad-e723033e10ec,d0f3a821-10d7-40b0-9f0c-21cebaf49683,Xylophonen Virtuosen,2022,0
172aab84-4c01-4dc0-b2ad-e723033e10ec,07c0dcea-6443-4348-a4af-1e2706c92760,Steamroom 58,2022,0
172aab84-4c01-4dc0-b2ad-e723033e10ec,cd91b86a-0919-4a01-be24-ee4eac1f441a,Patrick,2022,0
172aab84-4c01-4dc0-b2ad-e723033e10ec,6c999594-05e5-475f-8aad-9fcba1a8d2c5,Immanent in Nervous Activity,2022,0
172aab84-4c01-4dc0-b2ad-e723033e10ec,85646f9b-aa83-400f-a9f0-31eac30345ce,Steamroom 59,2022,0
172aab84-4c01-4dc0-b2ad-e723033e10ec,35261703-2fd2-4bca-bbe2-37515535671c,Steamroom 60,2022,0
172aab84-4c01-4dc0-b2ad-e723033e10ec,12e1bcf1-ca52-4853-8297-8b96dc9a99ed,Lifetime of a Flower,2023,0
172aab84-4c01-4dc0-b2ad-e723033e10ec,05afcdf5-a713-452c-8c23-63e97a4f06e0,Steamroom 61,2023,0
172aab84-4c01-4dc0-b2ad-e723033e10ec,59342a20-9932-49df-ae0c-0af07447f5e8,"Most, but Potentially All",2024,0
172aab84-4c01-4dc0-b2ad-e723033e10ec,4e9eae4f-1cc9-4969-bcbf-9da2e821528d,Steamroom 62,2024,0
172aab84-4c01-4dc0-b2ad-e723033e10ec,087e7ca6-548b-41c4-a6e2-c6248b30542a,Steamroom 63,2024,0
172aab84-4c01-4dc0-b2ad-e723033e10ec,156f9b6f-b8e2-494a-ba14-d3c6921abcdb,Steamroom 64,2024,0
172aab84-4c01-4dc0-b2ad-e723033e10ec,b016bbae-763c-478e-824b-8a36e93c90cc,Steamroom 65,2024,0
172aab84-4c01-4dc0-b2ad-e723033e10ec,1250a49e-abb2-47c5-8b7a-ff531be7c1fc,Steamroom 66,2025,0
172aab84-4c01-4dc0-b2ad-e723033e10ec,dcac9e9b-a01e-45f6-951f-4ba83ab245c3,Steamroom 67,2025,0
172aab84-4c01-4dc0-b2ad-e723033e10ec,8ee7bb99-9f06-4f27-9d00-b989d1e7003c,Pareidolia,2025,0
172aab84-4c01-4dc0-b2ad-e723033e10ec,5d1eb735-8b3c-4fcd-bd4a-79d2a23d9530,Subtracted,2025,0
4aae17a7-9f0c-487b-b60e-f8eafb410b1d,49339024-c6b4-4345-b521-6349463513cb,Skeleton Tree,2016,1
4aae17a7-9f0c-487b-b60e-f8eafb410b1d,99fc75a4-3ff2-4248-9ae2-65d7026c7296,Ghosteen,2019,1
4aae17a7-9f0c-487b-b60e-f8eafb410b1d,cbe390d1-88b3-4ff2-8f53-b3b9d8a0e25c,Wild God,2024,1
174744a2-8f85-4602-a0e6-5f2097c2e945,e33d94b2-ed6b-4060-9dce-92dec4a789e9,A Love Sleeps Deep,2018,1
17862c0f-a9b1-46dd-b85d-7af965974afd,21b5166a-5afc-468b-98d8-53cc4769f803,LONER,2018,0
17862c0f-a9b1-46dd-b85d-7af965974afd,f91f0f3b-c6d6-4ea4-8ded-5d2b5630aed9,Superstar,2020,0
17862c0f-a9b1-46dd-b85d-7af965974afd,4d4b3ed4-949f-43e3-9bc9-3033e7d81b9c,The Art of Forgetting,2023,1
17862c0f-a9b1-46dd-b85d-7af965974afd,be1c56c2-ceef-42c9-b3bc-7a6e9ad2beee,year of the slug,2025,0
17d69e72-9cf2-496f-aa64-ba238de2087e,6dc7f33f-160e-4bf0-a5f2-2084af4b970b,Untitled,2018,0
17d69e72-9cf2-496f-aa64-ba238de2087e,9a587528-a4f6-4365-8ef2-65a000e8bba2,Sinner,2019,0
17d69e72-9cf2-496f-aa64-ba238de2087e,0e152200-b399-42d6-8027-e61862e17855,Taken Away,2020,1
1822e292-b283-451c-9ba5-c38132dfda63,3587a05c-73b7-4214-8c33-57028f5a6cad,Thunderpussy,2018,1
1822e292-b283-451c-9ba5-c38132dfda63,a3c18682-5b39-415a-8a35-97eb98854296,West,2024,1
1828f695-763c-4194-9b16-44c82bb0f9d1,7a10b526-c111-445d-b1d4-bfa302758500,The Big Mess,2023,0
185527bf-c293-4c24-8213-ed98fb8976be,c9db1003-a83a-49b7-b04c-237e05260969,MY WOMAN,2016,1
185527bf-c293-4c24-8213-ed98fb8976be,4262c677-2646-461a-93f2-80526ae2bb1a,All Mirrors,2019,1
185527bf-c293-4c24-8213-ed98fb8976be,66175261-11e1-497b-a958-cf6fad9d3fad,Whole New Mess,2020,1
185527bf-c293-4c24-8213-ed98fb8976be,c66ca7b3-aad2-41e9-9826-b2675fe21545,Big Time,2022,1
185527bf-c293-4c24-8213-ed98fb8976be,436b3e43-bf3a-4050-9e82-6fbb16ae4c2f,"Cosmic Waves, Volume 1",2024,0
18a627eb-c6e8-4175-b947-9322d8deb938,4b6dabb0-0582-47ac-bab9-1511d5aaa83c,Secrets,2016,1
18a627eb-c6e8-4175-b947-9322d8deb938,93fcb691-244c-4591-ab42-d437ff896a5e,Impossible Weight,2020,1
18a627eb-c6e8-4175-b947-9322d8deb938,7a1a9a88-2202-4f8d-8b61-a7a1bf797c18,Billboard Heart,2025,1
1916fc94-bf9c-4ba2-90b0-22ebb5444d57,157ecb59-61d7-4ace-8e20-740cd4c968ae,Volcano,2017,0
1916fc94-bf9c-4ba2-90b0-22ebb5444d57,624b26bd-2d44-429c-b5d0-4d2620a29609,Hot Motion,2019,0
1916fc94-bf9c-4ba2-90b0-22ebb5444d57,586c187f-d256-42c3-a60b-3abccf0248ef,Exotico,2023,0
19202b40-eb93-48a0-b6fc-fce9568182aa,24fe871f-e8f3-432d-a888-4d9a32b79c12,Zanzibar,2016,0
19202b40-eb93-48a0-b6fc-fce9568182aa,357c5a58-0b52-48a2-80a1-979b54ff96d8,Dose Your Dreams,2018,0
19202b40-eb93-48a0-b6fc-fce9568182aa,0c49e728-9ca8-445e-b1f9-bb1237f2daa5,Year of the Horse,2021,0
19202b40-eb93-48a0-b6fc-fce9568182aa,228b2852-5e70-47fe-8148-194af29dce48,One Day,2023,0
19202b40-eb93-48a0-b6fc-fce9568182aa,a3958720-9043-4065-9203-a5a2ce0e5ca3,Who’s Got the Time & A Half?,2024,0
19202b40-eb93-48a0-b6fc-fce9568182aa,a808f4fb-dd01-41c1-a055-b1792224ccd4,Another Day,2024,0
19202b40-eb93-48a0-b6fc-fce9568182aa,a65bc086-8c58-4250-b1a8-7d7d1b3d36a8,Someday,2024,0
19202b40-eb93-48a0-b6fc-fce9568182aa,36628746-7c98-4e3c-aa38-d255a572cef6,Someday (guitar),2024,0
19202b40-eb93-48a0-b6fc-fce9568182aa,d4a1a5bd-7b7f-4e30-8103-58c06806a90b,Year of the Goat,2025,0
19301485-ac9c-4dad-885b-cd8e8c8b4184,7b18e9d2-7f72-498b-8d3b-4e19302dedac,Sound for Andy Warhol’s KISS,2019,0
19301485-ac9c-4dad-885b-cd8e8c8b4184,6dcdf820-c5c5-4f30-97fb-f4eee66a74f4,No Home Record,2019,1
19301485-ac9c-4dad-885b-cd8e8c8b4184,712ab2dd-2d7d-4fe8-89e9-43c91010f1dd,At Issue,2021,0
19301485-ac9c-4dad-885b-cd8e8c8b4184,c35d3885-e1a2-4959-81ff-9c005c319b22,The Collective,2024,1
194272cc-dcc8-4640-a4a6-66da7d250d5c,b9e6bb81-daa1-4985-b443-1dc41c10201e,A Weird Exits,2016,1
194272cc-dcc8-4640-a4a6-66da7d250d5c,78d43a85-1a1c-4e1e-852f-2c7190782b35,An Odd Entrances,2016,0
194272cc-dcc8-4640-a4a6-66da7d250d5c,a291566a-41e6-459f-9c74-28624f0cf896,Orc,2017,0
194272cc-dcc8-4640-a4a6-66da7d250d5c,db49dd38-0463-4872-ac88-b117a45e6814,Memory of a Cut Off Head,2017,0
194272cc-dcc8-4640-a4a6-66da7d250d5c,b2cb65f0-2e0f-47cb-aff7-0f6793990e45,Smote Reverser,2018,1
194272cc-dcc8-4640-a4a6-66da7d250d5c,27205364-61d9-4bd1-ba85-59eab30839f3,Face Stabber,2019,1
194272cc-dcc8-4640-a4a6-66da7d250d5c,abf17f7c-ffcf-4c09-a413-85e141d11696,"The 12"" Synth",2019,0
194272cc-dcc8-4640-a4a6-66da7d250d5c,5fb93bc4-820e-4324-ad7d-82a9f820c529,Protean Threat,2020,0
194272cc-dcc8-4640-a4a6-66da7d250d5c,57e2b3d6-0681-492c-84cd-2c78a9dc053c,Metamorphosed,2020,0
194272cc-dcc8-4640-a4a6-66da7d250d5c,05941101-0126-4041-8669-60122b3b94cb,MIXTAPE XXV,2020,0
194272cc-dcc8-4640-a4a6-66da7d250d5c,128d8360-bd78-4970-add7-d781de8032e1,Panther Rotate,2020,0
194272cc-dcc8-4640-a4a6-66da7d250d5c,f2995b1c-dede-42db-a769-8b46df77e554,Mixtape XXXIX,2022,0
194272cc-dcc8-4640-a4a6-66da7d250d5c,20e1a741-a522-4afb-a88f-9488c3e0dc82,A Foul Form,2022,0
194272cc-dcc8-4640-a4a6-66da7d250d5c,c6dcf657-4373-448b-938e-fe77990b779d,Intercepted Message,2023,1
194272cc-dcc8-4640-a4a6-66da7d250d5c,cf819691-5306-4ec9-9b41-48dda0d70bd4,SORCS 80,2024,0
194272cc-dcc8-4640-a4a6-66da7d250d5c,13980b9e-8912-4aa5-af8f-efa456ae0b24,ABOMINATION REVEALED AT LAST,2025,0
1946a82a-f927-40c2-8235-38d64f50d043,137d0c73-1cfb-4c9e-a5ac-a7eb9dc53cea,No Geography,2019,1
1946a82a-f927-40c2-8235-38d64f50d043,0eb13d65-b2a3-4b1b-9a2e-da61d6ba55e5,For That Beautiful Feeling,2023,1
1978fa58-f7c5-460e-92f6-5ed703ce2bc7,6ef65ad4-1b7c-499c-af5f-a2fc04ba6f95,Destroy the Sun,2018,0
19991eaf-c64b-4db7-bc06-12cade54bfe5,9946c638-b2ce-451a-9ceb-674500b94181,About U,2017,0
19991eaf-c64b-4db7-bc06-12cade54bfe5,441617f8-2b52-4066-bcc7-fed6031564e6,Saves the World,2019,0
19991eaf-c64b-4db7-bc06-12cade54bfe5,ba73f52e-18db-4010-bb67-719ee1062da1,MUNA,2022,1
19f40952-e3ba-44ba-87b2-218e2744fb58,5ab38b8c-6dc7-4525-aff1-700775aa17e1,Gargoyle,2017,1
19f40952-e3ba-44ba-87b2-218e2744fb58,50242085-1f54-46e3-8838-ed8b6661b7f4,Somebody’s Knocking,2019,1
1a120ec5-35b3-4f3e-aa49-7201550d9feb,12368843-e02e-47bd-b615-af3095466f1a,Dame Fortune,2016,0
1a120ec5-35b3-4f3e-aa49-7201550d9feb,6a226bf1-aa12-4900-bba3-cc52c242f54d,"In Rare Form, Vol. 2",2018,0
1a120ec5-35b3-4f3e-aa49-7201550d9feb,a6b58852-759c-4e38-b71f-b63b376a0c13,The Fun Ones,2020,0
1a120ec5-35b3-4f3e-aa49-7201550d9feb,ffefce82-ceaf-4b6c-8867-4c145a1f5c99,Escape From Sweet Auburn,2022,0
1a120ec5-35b3-4f3e-aa49-7201550d9feb,32b2f35a-5fc9-4c59-9bce-429e77d66d1e,Escape From Sweet Auburn - Instrumentals,2023,0
1a120ec5-35b3-4f3e-aa49-7201550d9feb,34663204-4547-443a-8469-437c1dfac362,Visions Out of Limelight,2024,0
1a331805-47cc-4f30-a123-94d820dbca31,21951a7a-594a-4389-87f9-9cbad425dcb4,Quiet Signs,2019,0
1a331805-47cc-4f30-a123-94d820dbca31,80d6be52-084e-4dc4-ba42-3f8f29db67f9,Here in the Pitch,2024,1
1a60d6dd-9d3e-40fc-a66d-3184f9ee0d61,f8b5390d-59bb-4a68-a1ba-59a6fe039b6d,Earthling,2022,0
1a60d6dd-9d3e-40fc-a66d-3184f9ee0d61,642d46ab-9897-4e5f-86a4-a12101e98b27,Earthling Expansion: The Adventurous Cuts,2022,0
1a60d6dd-9d3e-40fc-a66d-3184f9ee0d61,d4370432-633a-48ef-bac0-50c8eb6e5b3d,Earthling Expansion: The Rock Cuts,2022,0
1a60d6dd-9d3e-40fc-a66d-3184f9ee0d61,d638485e-9184-4f74-b217-b8653c23c29a,Earthling Expansion: The Calm Cuts,2022,0
1a969e4a-5031-4868-a0d6-e16e1b73cc02,459f8cc7-c772-4b91-8b66-01bd6aaba9a3,New Self Old Ways,2021,0
1a969e4a-5031-4868-a0d6-e16e1b73cc02,9409edea-ff7c-4a5d-a82d-4f240c1c5653,We Are Infinite,2023,1
1b28949f-f8d7-4a60-a8f8-99330c9113e2,c97feef1-76f9-4592-87cf-e24bbe147d42,Put Singing Birds Into Your Messy Hair,2021,0
1b3e92d4-1c68-412d-a92d-1172f24f7de3,6e3004ba-cb4c-4f3a-80a7-be402a7be13b,88 Keys (Instrumental),2017,0
1b3e92d4-1c68-412d-a92d-1172f24f7de3,ebbda2c3-5dd4-4432-876a-5bacd8367537,Dead Letters,2022,0
1b54e90c-638e-4fdd-a20e-4ab09db9fdaf,56fc375f-822d-4227-bf70-597a6525be72,Problems,2019,0
1b5cc4ba-5ade-494e-bf3c-aaf3abf75b65,1f21db5a-fe89-4240-8ffc-034d81ddf95f,Thee Black Boltz,2025,1
1b8a634e-9fa2-4ddb-bdcf-50bc7e4b167c,07a41871-12aa-4b90-ac94-9beac1854de2,Not Your Muse,2021,1
1b8a634e-9fa2-4ddb-bdcf-50bc7e4b167c,edb92836-61c0-4a33-b633-fb206e1583ab,Woman of Faces,2025,0
1b8ed32a-294c-4224-a770-2c20b8a5b0c1,a82d9a33-f265-4c82-8eb5-de937bd3b027,Celestial,2016,0
1bbf31dc-dbc0-4a7a-bf3f-48bc665878e1,891c1dd7-3fbf-4a59-8c83-358748aa2c40,Sunlit Youth,2016,1
1bbf31dc-dbc0-4a7a-bf3f-48bc665878e1,3212f729-bc8c-4321-9715-c4d9d13e7c32,Violet Street,2019,0
1bbf31dc-dbc0-4a7a-bf3f-48bc665878e1,bf94b211-1d36-481b-8c09-9c60893dcaf6,Time Will Wait for No One,2023,0
1bbf31dc-dbc0-4a7a-bf3f-48bc665878e1,5094e18b-fc99-4cc3-806a-d4dbd5b85ae5,But I'll Wait for You,2024,0
1bddbc20-a142-497b-8768-8ced01d46fb4,6d73fc52-0e3f-434c-b8b9-b1e356099073,Casey's Tape / Harmontown Loops,2018,0
1bddbc20-a142-497b-8768-8ced01d46fb4,5c99a164-847a-4eb5-8369-5d0f12235d20,Dude Ranch,2019,0
1bddbc20-a142-497b-8768-8ced01d46fb4,31eb8c91-de89-43f4-a8cd-c18b1254b42c,Cool,2021,0
1c70a3fc-fa3c-4be1-8b55-c3192db8a884,4f1c579a-8a9c-4f96-92ae-befcdf3e0d32,Profound Mysteries,2022,0
1c70a3fc-fa3c-4be1-8b55-c3192db8a884,1d98b0bc-5832-49d2-a93e-463032631a2f,Profound Mysteries II,2022,0
1c70a3fc-fa3c-4be1-8b55-c3192db8a884,ed3b544d-0ca8-4193-a219-a3b1f92f65d4,Profound Mysteries III,2022,0
1c70a3fc-fa3c-4be1-8b55-c3192db8a884,0a663aab-76e3-4bf8-8b73-39f5c076bcd1,Nebulous Nights: An Ambient Excursion Into Profound Mysteries,2024,0
1c89bbcc-a253-452a-9181-546eb536e06f,a005a779-2e83-4af6-80bf-09cdf10d65a6,Wham! Bang! Pow! Let’s Rock Out!,2018,0
1c89bbcc-a253-452a-9181-546eb536e06f,1555da65-7988-4ce8-8449-ce709611cca6,WASABI,2019,0
1ce990a5-52a0-448f-ba6d-4cc011ebe4b3,cbcd0e94-2d33-4181-a70c-bdf0bba47253,Sincerely,2017,1
1ce990a5-52a0-448f-ba6d-4cc011ebe4b3,fd006df1-a7de-4698-9693-6aa0c075bfbd,Halftime for the Holidays,2017,0
1ce990a5-52a0-448f-ba6d-4cc011ebe4b3,9844030f-84e7-4b7e-9ee7-1e78214d286a,Falling,2019,0
1d25e697-096d-43b1-94bd-74e0619c5567,ee85850b-d80f-4d2b-8b46-d9b780938f78,The Railway Prince Hotel,2019,0
1d25e697-096d-43b1-94bd-74e0619c5567,edaca641-079c-4f39-b637-dc27591c38f5,Shoot the Point,2025,0
1d779dfd-d292-48b5-b232-a09687b9881a,3bf363af-0939-443f-8334-28cf96579134,Party,2017,0
1d779dfd-d292-48b5-b232-a09687b9881a,189a9252-59e5-4395-b745-f690915cf213,Designer,2019,1
1d779dfd-d292-48b5-b232-a09687b9881a,0e5fc317-a896-4463-b498-010d80ab6645,Warm Chris,2022,0
1e4e9db7-5068-4a9c-bdd0-5777e47172c8,5d78819e-18b5-4d1a-a286-d816ce868044,MAGDALENE,2019,1
1e4e9db7-5068-4a9c-bdd0-5777e47172c8,05c8e133-ba85-48cc-82c3-afcf0cc9e9ff,EUSEXUA,2025,1
1e4e9db7-5068-4a9c-bdd0-5777e47172c8,3b0a6b3d-7699-4639-b4f4-df0e4ccde318,EUSEXUA Afterglow,2025,0
1ea2c08f-323c-4207-9af1-e2fb8588f08e,d31e9fb4-e1fd-402a-b6d4-12c0f382b791,Wheeltappers and Shunters,2019,0
1ea2c08f-323c-4207-9af1-e2fb8588f08e,7826850e-3456-49b3-aafd-5c1b69de8bfc,Fantasy Island,2021,0
1f025caf-b67f-42ab-a3bf-38cc510ed21c,7cd2a4b3-6a73-4816-9232-6b298536f431,LoveJoys,2017,1
1f43d76f-8edf-44f6-aaf1-b65f05ad9402,2650cc67-41d7-44c0-afaf-a63ecc254976,Oczy Mlody,2017,0
1f43d76f-8edf-44f6-aaf1-b65f05ad9402,9a8bab2e-40ae-45ec-a011-d5d4ee44eeda,King’s Mouth: Music and Songs,2019,0
1f43d76f-8edf-44f6-aaf1-b65f05ad9402,d2dc5bf8-080c-4438-9bc2-d9407243b9da,American Head,2020,1
1f43d76f-8edf-44f6-aaf1-b65f05ad9402,9403ebd5-23a8-491e-aa29-1b68fa359d6b,Where the Viaduct Looms,2021,0
1fe9f631-bb9f-40cb-9393-8a82a9eb8652,b8bf443c-6e9c-49c4-aa2e-bfcc15b723b8,Tropical Mediocrity,2020,0
2008d65c-31ee-4382-8960-5188523568d5,821cc072-9ac3-483c-a184-bf2619be85b7,Near to the Wild Heart of Life,2017,1
2008d65c-31ee-4382-8960-5188523568d5,19fa589b-5341-4e77-8638-8371e54fade9,Fate & Alcohol,2024,0
20244d07-534f-4eff-b4d4-930878889970,f060c8fd-bec9-426e-800e-8efc040a71e6,reputation,2017,0
20244d07-534f-4eff-b4d4-930878889970,30e9785b-7b50-4d29-b3d1-96fb55e3397f,Lover,2019,0
20244d07-534f-4eff-b4d4-930878889970,f1d08326-c23b-4b43-be3b-20b33ab10bf6,folklore,2020,1
20244d07-534f-4eff-b4d4-930878889970,e86d6219-f5a2-4edd-bf2b-3f9eab190ae0,evermore,2020,0
20244d07-534f-4eff-b4d4-930878889970,d2e4838d-90e1-471c-bda0-fd816dabb2d4,Fearless (Taylor’s version),2021,0
20244d07-534f-4eff-b4d4-930878889970,67727253-f1c0-4243-9270-f9f1401c3b8c,Red (Taylor’s version),2021,0
20244d07-534f-4eff-b4d4-930878889970,0dcc84fb-c592-46e9-ba92-a52bb44dd553,Midnights,2022,0
20244d07-534f-4eff-b4d4-930878889970,0441b1b2-de57-4a9a-b007-1f6e159921d5,Speak Now (Taylor’s version),2023,0
20244d07-534f-4eff-b4d4-930878889970,1c4770b3-b7a3-4d44-a7a9-8e2dbb74b85a,1989 (Taylor’s version),2023,0
20244d07-534f-4eff-b4d4-930878889970,71c3eed6-466c-4aef-ad12-65a36d19467a,THE TORTURED POETS DEPARTMENT,2024,0
20244d07-534f-4eff-b4d4-930878889970,9ae7e7e9-ac40-4874-bd43-d77a9bb9b617,The Life of a Showgirl,2025,0
20395131-fbde-43ce-b141-b700cfdae99c,122e15fb-266e-4b72-91e2-bb7737394365,How to Be a Human Being,2016,1
20395131-fbde-43ce-b141-b700cfdae99c,1ccd441a-a906-4773-8e72-e4055732a784,Dreamland,2020,1
20395131-fbde-43ce-b141-b700cfdae99c,daa4fa7f-aed2-417d-9a0c-56682953e1fd,I Love You So F***ing Much,2024,0
208702fb-f566-451a-89bb-8d4362f3c8be,d1fa29b3-b569-4ba3-94ac-c657ad3786bc,Passenger,2025,1
20883363-1ea4-4d72-ad72-c0e767038f3e,d0ecebe0-de8c-4b44-b86b-5d37ea1f555d,The Mars Volta,2022,0
20883363-1ea4-4d72-ad72-c0e767038f3e,bc94dd30-ac43-4062-8cc5-2d4be4a5d246,Que dios te maldiga mi corazón,2023,0
20883363-1ea4-4d72-ad72-c0e767038f3e,988aef34-7171-45dd-9b03-3c5622931e51,Lucro sucio; los ojos del vacio,2025,0
21042d7e-4622-45f0-b1a0-a6dfa458a2e3,e0ba5301-6454-4e79-b2f5-c54095e95730,Nada vale más que tú,2017,0
21042d7e-4622-45f0-b1a0-a6dfa458a2e3,b9ffc458-c850-469e-9cc8-2e74673ee1c7,Fierrro,2022,0
214d84a5-e9e5-4432-af95-8c84da7ba4c0,64591237-bec9-48e9-9f96-48ef20f328d4,Kidsticks,2016,0
214d84a5-e9e5-4432-af95-8c84da7ba4c0,b33cc23b-1fcd-483e-b379-a0282c9219a8,Weather Alive,2022,0
215f057c-fb64-4b27-abf2-1871e71912d9,ab1b18a5-d404-4b29-8dcb-c8d1e1c7e370,And Then Like Lions,2016,0
215f057c-fb64-4b27-abf2-1871e71912d9,5b69c88e-3261-4f69-8f60-55c1f1ac1829,In the Shadow of the Holy Mountain,2024,0
21685b15-3074-446e-aa1d-ff7157014f53,b902ced3-2765-46c9-903a-d726d9682989,The Ghosts of Highway 20,2016,0
21685b15-3074-446e-aa1d-ff7157014f53,e83a52c2-1ce6-40e7-8ab9-3896a9ea0e4c,This Sweet Old World,2017,0
21685b15-3074-446e-aa1d-ff7157014f53,24bc8371-e3b6-42a5-923f-dbfa62ded181,Vanished Gardens,2018,0
21685b15-3074-446e-aa1d-ff7157014f53,b986064b-c590-4a90-bc84-748d0eb5366a,Good Souls Better Angels,2020,1
21685b15-3074-446e-aa1d-ff7157014f53,28516485-6ae7-4b99-b1cb-61439bb36332,Stories From a Rock n Roll Heart,2023,0
21685b15-3074-446e-aa1d-ff7157014f53,4f82bb7b-c44b-4af2-be07-d7c60478e495,Lucinda Williams Sings the Beatles From Abbey Road,2024,0
228ae4f7-2425-4b1f-9d24-78cb9e267651,ee5c3881-8162-4832-bb0f-9cbdaeadc103,Superorganism,2018,1
228ae4f7-2425-4b1f-9d24-78cb9e267651,4ac3f2f9-81f0-4743-bd3d-74e9d8c2ffbe,World Wide Pop,2022,0
22a40b75-affc-4e69-8884-266d087e4751,b066f0c9-52ea-4374-bec2-7c545e8ca3d2,Everything at Once,2016,0
22a40b75-affc-4e69-8884-266d087e4751,4d25e1dc-2a36-47b3-a220-cf2bc223c53d,10 Songs,2020,0
22a40b75-affc-4e69-8884-266d087e4751,06a781f8-223e-4aae-a180-661c11402de5,L.A. Times,2024,0
230f2c85-8b1c-4e88-ab5d-0d015a4bbe16,6623b2b9-aa7d-449a-89f3-451cb462fbd8,Reanimated,2017,0
230f2c85-8b1c-4e88-ab5d-0d015a4bbe16,0497c70f-4b52-4ab0-acc3-2a5a04924510,It Will Come to You,2018,1
230f2c85-8b1c-4e88-ab5d-0d015a4bbe16,5d03fe2c-5db3-4764-b972-0b771164f3da,Acts of Worship,2021,1
2371c6a6-4a8e-411a-8288-7d51163b1247,1876ef86-6219-4941-8c77-0e0aac548dbb,2 Real,2020,0
23b19bc5-813e-4456-bbae-ac3ca118f535,5620cb68-c239-4fec-aad6-2cc0c220653d,5,2019,1
23b19bc5-813e-4456-bbae-ac3ca118f535,b8f26553-ac42-4242-8e1b-f716810fa995,7,2019,1
23b19bc5-813e-4456-bbae-ac3ca118f535,3024784e-af94-4ff7-9755-d5df24556e37,UNTITLED (Black Is),2020,1
23b19bc5-813e-4456-bbae-ac3ca118f535,c24db83b-e929-4dbf-b270-6344a7ea4fea,UNTITLED (Rise),2020,1
23b19bc5-813e-4456-bbae-ac3ca118f535,f510ee22-32b9-42ce-9252-d8b1f7525622,NINE,2021,1
23b19bc5-813e-4456-bbae-ac3ca118f535,8185d872-3e73-4445-8af8-03afbda05f32,AIR,2022,0
23b19bc5-813e-4456-bbae-ac3ca118f535,47fd9927-fd87-45a8-924e-5fcbf8c3df3b,10,2022,0
23b19bc5-813e-4456-bbae-ac3ca118f535,28d20241-45f6-4a0a-b764-48aae1d7a72f,Earth,2022,0
23b19bc5-813e-4456-bbae-ac3ca118f535,480b5208-88af-472b-98a3-6f7577dcc7c3,UNTITLED (God),2022,1
23b19bc5-813e-4456-bbae-ac3ca118f535,84c9b4f5-673c-40df-b257-3a5998c274b9,11,2022,1
23b19bc5-813e-4456-bbae-ac3ca118f535,aa760156-f5ba-4cd6-aa24-d86075a80941,Today & Tomorrow,2022,0
23b19bc5-813e-4456-bbae-ac3ca118f535,ae2bd795-cd4c-4cd0-bd01-6828ab8ca438,AIIR,2022,0
23b19bc5-813e-4456-bbae-ac3ca118f535,33698c6d-811f-469c-9046-e88181806a1f,Acts of Faith,2024,1
23b19bc5-813e-4456-bbae-ac3ca118f535,69c03e83-eafe-45d8-b8b1-7dbdcc3e10f8,10,2025,1
23f527e1-74ae-4f7c-94f3-4a5d5f379c51,9a0c1311-6799-4173-8475-5e820ea923bf,Until the Hunter,2016,0
24aa5c20-a275-468a-93a9-b3d96b344b6c,95aea47d-79b6-483a-8abe-fccfdfa23eae,Cocoa Sugar,2018,1
24aa5c20-a275-468a-93a9-b3d96b344b6c,2d47a09b-3fe4-45fb-b0c1-360da0929672,Heavy Heavy,2023,1
24ca022c-653e-4379-812a-71f729b900ef,0554f86e-a1ff-4e4b-a61b-274710993dd3,The Man From Taured,2017,0
24ca022c-653e-4379-812a-71f729b900ef,0b6db832-e8c1-41cc-a8ca-9ccb3aad9f8f,Can’t Wake Up,2018,0
24ca022c-653e-4379-812a-71f729b900ef,26081fbe-cc4f-4cf7-b871-a17705b9862c,Movie of the Week,2023,0
24ca022c-653e-4379-812a-71f729b900ef,223977fc-bc6c-4044-aa7c-062041629621,MOOCH,2025,0
24e36781-1f4a-40af-bd18-c5de61f10c66,68e6ad16-d83c-4731-b305-87b0d530500e,Full Court Press,2022,0
24ed5b09-02b1-47fe-bd83-6fa5270039b0,df5d2661-07fd-43e8-bf87-aaf5c1ce24fa,Paging Mr. Proust,2016,0
24ed5b09-02b1-47fe-bd83-6fa5270039b0,d22edfa6-1601-496f-81e9-4866d29fd561,Back Roads and Abandoned Motels,2018,0
24ed5b09-02b1-47fe-bd83-6fa5270039b0,89c3409a-8b9f-4d4f-bccf-b10d20857d25,XOXO,2020,0
254b5419-1819-49c9-abcf-6e9b8210ebf4,38a03ae6-266b-4404-8f10-f4383b20d923,"Forever, I’ve Been Being Born",2025,0
256e0b36-88cb-453a-9ce4-7b73cb6b882f,3801c47e-f902-49d2-8b0f-608ec03d8a6d,Letter to Self,2024,1
256e0b36-88cb-453a-9ce4-7b73cb6b882f,2e3e4bdd-63c3-4a4f-9f87-253f1ea28308,All That Is Over,2025,1
258e8672-1db1-469a-a505-00a42aaf0973,4df4d199-19c9-450d-bf32-35115788a9f1,The Underside of Power,2017,1
258e8672-1db1-469a-a505-00a42aaf0973,eb1f4f31-3350-41d8-bf25-6885f7f97507,September 2017 (Tour Cassette),2017,0
258e8672-1db1-469a-a505-00a42aaf0973,d812f512-6ebf-421b-b084-0e871f969f2a,1st November 1954 (Tour Cassette),2018,0
258e8672-1db1-469a-a505-00a42aaf0973,dcfb7546-d9b4-4e12-9ba2-95fda90a52d6,There Is No Year,2020,0
258e8672-1db1-469a-a505-00a42aaf0973,22418ed3-726d-45db-b7da-06f0dbef6820,"Live in Atlanta: The Last Show on Earth, 14 March 2020",2020,0
258e8672-1db1-469a-a505-00a42aaf0973,9ceeb17c-eebf-4a3e-aa5c-aa0976d0b4c0,Shook,2023,0
259380ed-4705-495d-9484-90ff43f8a162,bd15d47a-4b16-4855-a950-abe395ff37c3,Microclimate,2017,0
259380ed-4705-495d-9484-90ff43f8a162,6cf53dcb-dba2-4877-9946-c4846e6ba234,Come Rain,2020,0
259380ed-4705-495d-9484-90ff43f8a162,3827c8a0-0453-4e7a-afc9-e4b4f4839151,Desert Days,2025,0
25a757f1-9fbe-4c52-be2e-1a5294fb25b9,001c1447-faf0-4a6b-a380-8acb9a5a8721,Ease My Mind,2017,0
25a757f1-9fbe-4c52-be2e-1a5294fb25b9,30c517c1-3043-4630-9496-6e63566be1e9,House,2022,0
25b75a66-ce83-4db3-b136-395a3c3784c4,f81fe6df-733a-42d7-9987-f0aded301b3c,Whiteout Conditions,2017,1
25b75a66-ce83-4db3-b136-395a3c3784c4,ed533e70-0e45-42c7-be0b-e4da80c884ea,In the Morse Code of Brake Lights,2019,1
25b75a66-ce83-4db3-b136-395a3c3784c4,d1882bb0-b268-4c06-9cbf-ed443fa6488b,Continue as a Guest,2023,1
25f3abd9-63b5-471a-bd25-feb9672dfa11,6b620afe-09ed-4723-a511-4c3b18a55b21,Los ángeles,2017,0
25f3abd9-63b5-471a-bd25-feb9672dfa11,bb525db3-81e4-4c05-b529-23fa05f35c12,EL MAL QUERER,2018,0
25f3abd9-63b5-471a-bd25-feb9672dfa11,f455f658-dd55-4790-8cd3-99c7c273018a,MOTOMAMI,2022,1
25f3abd9-63b5-471a-bd25-feb9672dfa11,bb3ec118-57df-4eb9-a8fe-a26a70a7dbe0,LUX,2025,1
260b6184-8828-48eb-945c-bc4cb6fc34ca,dc396430-1e1c-4f0b-8b05-d69603d7fb12,Charli,2019,0
260b6184-8828-48eb-945c-bc4cb6fc34ca,e6f8d52b-3b24-4546-b86d-99d79b0df209,how i’m feeling now,2020,1
260b6184-8828-48eb-945c-bc4cb6fc34ca,7523498a-9c59-4027-b508-15762deae4d9,"Boiler Room: Charli XCX, how i’m feeling now, May 2020",2020,0
260b6184-8828-48eb-945c-bc4cb6fc34ca,8d0f0148-7c6e-455d-872e-9851284c5522,CRASH,2022,1
260b6184-8828-48eb-945c-bc4cb6fc34ca,e0fdb431-0109-420d-8a37-f99eaeb4d671,BRAT,2024,1
262cf0ce-2af2-4686-a8cc-d6b33e97336d,be4a083e-be93-4715-8a22-b06539ccacc4,Two Star & The Dream Police,2024,1
26860648-1c93-4849-bc52-a8541ec88219,a7d6dfc5-95a3-4c63-b352-35ca48dbce78,the world is still here and so are we,2025,0
272989c8-5535-492d-a25c-9f58803e027f,8f892c1b-0709-4cf4-9711-493892a9eb9b,Ctrl,2017,1
272989c8-5535-492d-a25c-9f58803e027f,1646286a-d0ad-4288-bfab-34b0fb7b22c1,SOS,2022,0
284ee768-2c9a-440a-be37-db926e90fc1c,d8dfe5be-1bc2-4e87-b834-572291335693,We Are the Halluci Nation,2016,1
284ee768-2c9a-440a-be37-db926e90fc1c,f3510b13-45fb-4916-a6e9-492b9ecdedd6,One More Saturday Night,2021,0
28537bf2-22c5-4840-91fc-fcb98e8c7379,872a99d9-40fc-434b-b269-ca686bb3f837,ALMOST EVERYDAY,2018,0
289be459-7128-4da9-bba3-21bfa19a4e76,864346a7-6460-4111-a6cd-cdc576e276f4,Drugstore Heaven,2021,0
28a7d9a8-36c0-4bdd-ae4d-abcfb76f5a18,8bf3c9f7-b69d-4473-b049-415ce8c37559,Weighing of the Heart,2017,0
28a7d9a8-36c0-4bdd-ae4d-abcfb76f5a18,64201c84-6064-4fbc-8c24-ed601b6054b7,Blue Magic Gentle Magic (lost songs),2020,0
28a7d9a8-36c0-4bdd-ae4d-abcfb76f5a18,64ed4b3d-04a3-4ff2-a0ff-ea31b92a7fa6,DREAMER,2023,1
28cbf94d-0700-4095-a188-37e373b069a7,fe38a60d-2d24-422f-8294-f24efa99e3c4,Elrow Vol. 4,2019,0
29a2e15e-b14f-42ca-8f65-d52479872452,dbb4962e-077a-4ee1-bea2-e85680911d54,Goat Girl,2018,0
29a2e15e-b14f-42ca-8f65-d52479872452,78d42053-c873-47f4-94bf-17badea7d027,On All Fours,2021,1
29a2e15e-b14f-42ca-8f65-d52479872452,488a66bb-2625-4cac-bc52-ac1777aa5ffd,Below the Waste,2024,0
29c91854-8c45-469b-b36d-a11fb650638b,b6627a26-142c-4184-a9e7-feb5add34a1c,Life Without Sound,2017,0
29c91854-8c45-469b-b36d-a11fb650638b,4fe18222-92be-478c-872b-d4455a8fc1ab,Last Building Burning,2018,0
29c91854-8c45-469b-b36d-a11fb650638b,6f65fc95-1359-4ffb-a781-a163d946a03b,The Black Hole Understands,2020,0
29c91854-8c45-469b-b36d-a11fb650638b,86cc4a38-790e-4bc1-b0b0-54bdd3c714b3,Life Is Only One Event,2020,0
29c91854-8c45-469b-b36d-a11fb650638b,a53f5355-4ef5-4dee-96df-c4f9c13e361e,The Shadow I Remember,2021,0
29c91854-8c45-469b-b36d-a11fb650638b,83aa7f32-4c3d-409c-a991-85e699ab064a,Final Summer,2024,0
2aaf7396-6ab8-40f3-9776-a41c42c8e26b,bfedb7ca-9067-4cdb-8921-1f0cd920f2e9,American Dream,2017,1
2ade52c8-bb0d-469a-ad97-030c90dcb414,8be7cc79-6468-48bd-8599-9ab0a972c619,Dunk Reactions,2019,1
2b64e811-cbcd-45f7-b29d-296444cad4f1,455b547c-80f5-4a26-8fbf-086452d7f83f,History of Silence,2025,0
2c02eece-9832-4850-9150-b0e269f65d8b,1141fa0b-bca5-4151-a088-b93e6bd69a6b,Lost Friends,2018,0
2c02eece-9832-4850-9150-b0e269f65d8b,2bdb12aa-4ade-4558-8120-65c05d52a7bb,Today We’re the Greatest,2021,1
2c02eece-9832-4850-9150-b0e269f65d8b,3a638c34-072e-4cb8-b706-5e44ef8f0ca2,"Faith Crisis, Pt 1",2024,1
2c629b8c-d751-4131-b785-5690bb5e0fd7,8595cf30-77c4-4635-80f2-6a1375763422,Ash & Ice,2016,1
2c629b8c-d751-4131-b785-5690bb5e0fd7,42fb8b0e-12ca-4a8b-93ec-62431362132c,God Games,2023,0
2c69465c-0f76-45ce-90a2-1ed0fdacc997,fc6a7ac8-5280-4321-87e6-f759682a1456,CeeLo Green Is Thomas Callaway,2020,0
2c6f97fd-746b-442d-b5ec-238cccd7441d,c9346b81-4b6a-4a15-9cf1-6f83708fb92d,Hot Candy,2016,0
2c6f97fd-746b-442d-b5ec-238cccd7441d,63894e71-a51f-4bee-b671-641245cb7890,I Love You But Damn,2020,1
2c6f97fd-746b-442d-b5ec-238cccd7441d,bc7fbdc2-d161-4b7c-96af-c0f0a2df08ab,Levitator,2023,1
2c6f97fd-746b-442d-b5ec-238cccd7441d,f876055e-a97a-46b5-8ff5-8f3eefeb253c,Dashboard Heat,2025,0
2cef242c-86e3-4631-9669-7d96aca66b09,999b65c2-7761-4ef9-a305-eeadb4f99f1e,Pieces of Sky,2017,0
2cef242c-86e3-4631-9669-7d96aca66b09,4fcceeb8-a2e9-4625-a343-4c28a14b1eba,Melonday,2020,1
2cef242c-86e3-4631-9669-7d96aca66b09,b83eba7e-89a3-40b6-9e07-34ce3d392795,Ocean,2025,1
2d50057a-5541-4b1a-990d-92d3698e7ba5,73915149-84e0-43fb-bf9b-08b99b1df2e8,Don't Ya Take It Too Bad,2025,0
2df279da-29e0-42d8-9e1e-0e3fd722f3d3,10e39631-bb46-48bd-9708-f66184ec6495,Dark Chisme,2024,1
2e222fce-02ae-4221-b1c6-3c3242b423b6,724699f1-9153-4c72-9ac4-cbf2d598582b,A Moment Apart,2017,1
2e222fce-02ae-4221-b1c6-3c3242b423b6,3a5d4174-1a4f-4840-93b4-0330052ee03f,The Last Goodbye,2022,1
2e3a5b97-aec7-4b11-bb56-77ad52b99b86,6f6b2682-b458-4560-9fa9-73a6b6302e32,Light Upon the Lake,2016,1
2e3a5b97-aec7-4b11-bb56-77ad52b99b86,ebcea44c-6cea-406e-b66f-655eda3ed1d1,Forever Turned Around,2019,0
2e3a5b97-aec7-4b11-bb56-77ad52b99b86,90d993ca-e1e5-494f-aa88-bdcae4d5ab67,Spark,2022,0
2e3a5b97-aec7-4b11-bb56-77ad52b99b86,85b2add6-df02-4d2f-8d16-a8b85d3f3fe2,Small Talk,2025,0
2eada8f8-056a-4093-bbc2-004909ce743b,02c033c9-f660-48cb-9927-531a02a6bd9a,Hug of Thunder,2017,1
2f0c90b1-84d5-47f1-ad75-ad8d30f53f70,e279319c-2121-44c5-a93a-204492bfe7a6,Prelude to Ecstasy,2024,1
2f0c90b1-84d5-47f1-ad75-ad8d30f53f70,12d66726-482c-40ce-9336-44c34cebc07e,From the Pyre,2025,0
2f360fd9-6440-4896-9f45-8156e8b0b204,a03b3460-aeb6-4e85-b30a-6954aa21c6c9,Phoenix,2019,0
2f360fd9-6440-4896-9f45-8156e8b0b204,9448a6cb-972a-4b35-b56b-2ff339fe6a0c,Havasu,2022,0
2f360fd9-6440-4896-9f45-8156e8b0b204,9aa9bd57-ec6b-46c4-90e2-b52600186505,Santa Cruz,2024,0
2f64e1fd-44b3-44f1-a586-b9916966b39f,a293baca-d663-4b78-9675-5b0865a20b7f,It's Real,2019,0
2feb192c-2363-46d6-b476-1c88a25cb294,0d1d34bf-c1b3-4069-8198-2f80897d00e6,In Spades,2017,1
2feb192c-2363-46d6-b476-1c88a25cb294,0905cbf6-42e8-49bf-a4f8-8a6a28b554ee,How Do You Burn?,2022,1
2ff0dfc6-0542-4bbc-a44a-60605c074ba6,917d2414-d7a0-4327-9112-764c7bf45efa,In Mind,2017,0
2ff0dfc6-0542-4bbc-a44a-60605c074ba6,097a2432-236d-48ae-a4b0-19c3eeb488eb,The Main Thing,2020,0
2ff0dfc6-0542-4bbc-a44a-60605c074ba6,51abf6f6-bd51-40c8-8ec8-4a19abe57399,Daniel,2024,0
2ff49515-1701-4bac-a53a-04345893f3f3,e82cbc11-098d-4f42-a849-90a92cf06bd4,All the Good Times,2020,0
2ff49515-1701-4bac-a53a-04345893f3f3,be2579e4-3359-4ccf-a32b-5335988c48c2,Woodland,2024,1
309c62ba-7a22-4277-9f67-4a162526d18a,84d67365-a2ca-4580-a239-9446231f27a0,Colors,2017,1
309c62ba-7a22-4277-9f67-4a162526d18a,67ad5df9-bd8c-45d9-aa1b-14a3ff2cb2ee,Hyperspace,2019,1
30a1b97e-0614-4320-bb9b-4cb13cd6cf66,4f8cdd4e-f013-49e4-bbf7-7c798b525a0f,Blue Wave,2016,1
30a1b97e-0614-4320-bb9b-4cb13cd6cf66,1887e185-1d14-432e-a89b-2776ecc43709,Radiant Dawn,2019,1
310ac711-027b-4eea-833b-0b04d72f82ea,3945d4aa-a342-42c4-bacb-9385b51e1c98,Packaging,2025,1
31f07dfd-df64-48dc-856e-9968059b8e35,249a45fd-4582-41f4-9268-1493cba7a116,Pure Particles,2021,0
31f07dfd-df64-48dc-856e-9968059b8e35,11132004-0741-4fb5-996d-d4b8f8cedafb,Green Dream in F#,2022,0
31f07dfd-df64-48dc-856e-9968059b8e35,2437fbed-dc41-4623-a50d-c32e832279d1,Rare Birds: Hour of Song,2023,1
31f07dfd-df64-48dc-856e-9968059b8e35,b8b17ee8-c7a6-489b-8b9f-b2b7ec1fc625,On the Intricate Inner Workings of the System,2024,1
31f07dfd-df64-48dc-856e-9968059b8e35,d89ecff3-fb73-42e0-b994-d325c5a66379,Very Human Features,2025,1
3285dc48-9505-469d-ad8a-bdf2d3dba632,3e6586d2-46ce-4d75-b9bb-b3c6f422a8d2,The Glowing Man,2016,0
3285dc48-9505-469d-ad8a-bdf2d3dba632,5eb9c213-31e1-4ca8-aec2-7a497c242f71,leaving meaning.,2019,0
3285dc48-9505-469d-ad8a-bdf2d3dba632,a1160c18-1860-41ed-a13e-15b9a3bc7c2f,The Beggar,2023,0
3285dc48-9505-469d-ad8a-bdf2d3dba632,ad7a340c-006c-4aee-a94b-da016eed124d,Birthing,2025,0
3294b9ce-0bef-4080-8ae8-95bad1abd71c,fd833315-4aac-4364-a43e-aefb623898bc,Songs of Praise,2018,1
3294b9ce-0bef-4080-8ae8-95bad1abd71c,e9500fdb-b6a0-4817-be83-b276cd4bab68,Drunk Tank Pink,2021,1
3294b9ce-0bef-4080-8ae8-95bad1abd71c,0b02fd48-beb8-4918-8f96-8dd44da9cc7d,Food for Worms,2023,0
3294b9ce-0bef-4080-8ae8-95bad1abd71c,dc299e1d-c85d-4cf3-bf70-1c628a649b93,Cutthroat,2025,0
32b90c92-9978-4a07-90eb-caa4b22f4907,4269e8c4-42a4-4d50-86b3-b6ec0f31550c,Wrong Creatures,2018,1
32b90c92-9978-4a07-90eb-caa4b22f4907,2f774cc8-0d44-4ebd-a8c9-11a3a63b4fe5,The Screaming Gun Demos,2022,0
332228ce-fe8c-4a5e-90e0-e1361553e5ff,555cd686-0ed1-49c2-b0a8-54fce311cbec,Spirit,2016,0
332228ce-fe8c-4a5e-90e0-e1361553e5ff,9a561477-c61a-40ac-a585-bf25811a4c38,My New Moon,2018,0
332228ce-fe8c-4a5e-90e0-e1361553e5ff,60187295-ccd1-44a8-8526-c1ffb916db68,Dreamland,2022,0
332228ce-fe8c-4a5e-90e0-e1361553e5ff,047bbae3-dfa1-4f0a-9c53-d6f102ee1f33,My Ideal: A Tribute to Chet Baker Sings,2022,0
332228ce-fe8c-4a5e-90e0-e1361553e5ff,dfa3cf01-eb72-40f9-9481-62ebc19a1137,Honeysuckle Switches: The Songs of Lucinda Williams,2023,0
332228ce-fe8c-4a5e-90e0-e1361553e5ff,32390bc4-73cd-4721-a1b5-a97856adc8c1,Transmissions,2024,0
3381882a-9e5a-44f9-b383-89759edf1dbd,eda9533e-9efd-4057-bc95-96dd92025617,Face Your Fear,2017,0
3381882a-9e5a-44f9-b383-89759edf1dbd,ad96e417-76ba-4a7c-baf4-8e46fd1e65fb,If Words Were Flowers,2021,1
3381882a-9e5a-44f9-b383-89759edf1dbd,291d7724-085f-4de9-b205-f67a11bdf33b,Departures & Arrivals: Adventures of Captain Curt,2025,0
34557d8f-ee4a-44ab-ae6e-49bb8ac604d0,90a85020-515c-427e-9a59-5cc4dbcac0e3,Cigarettes After Sex,2017,1
34557d8f-ee4a-44ab-ae6e-49bb8ac604d0,21759bba-54bc-4357-8f17-a6bcd50e0aa3,Cry,2019,1
34557d8f-ee4a-44ab-ae6e-49bb8ac604d0,34d33075-e1ae-4bca-aacb-ee20857f2672,X’s,2024,1
3533dea4-218c-4fc9-ab6e-2e3dc0ffde6e,fc61fd1c-5c40-423b-b666-f4b8a7ac841e,ArrangingTime,2016,0
3533dea4-218c-4fc9-ab6e-2e3dc0ffde6e,3ad78a07-1700-4f59-bff7-dfa0bc319df1,Caretakers,2019,0
3533dea4-218c-4fc9-ab6e-2e3dc0ffde6e,c2332fd6-b86f-4386-981f-9fb5b8a5109c,Pete Yorn Sings The Classics,2021,0
3533dea4-218c-4fc9-ab6e-2e3dc0ffde6e,2a889e9e-4556-4134-9d77-db02126fc73b,Hawaii,2022,0
3533dea4-218c-4fc9-ab6e-2e3dc0ffde6e,4cae86df-18c5-4ba9-b20d-31be6b8fc974,The Hard Way,2024,0
35400219-c689-41f9-855d-9c5a0137f4f6,825b44c6-3420-415f-b2b1-3f1039673c7d,Susan's Room,2017,0
35400219-c689-41f9-855d-9c5a0137f4f6,91c6dcc8-4c56-42f8-80e6-b77a4d790106,Tomato Tree,2022,0
35400219-c689-41f9-855d-9c5a0137f4f6,188bee10-b1df-4527-9473-4f51147a0a3c,This Is My First Day at Drawing,2023,0
35400219-c689-41f9-855d-9c5a0137f4f6,19619272-bcf8-4716-b27f-008d4d7a3993,Mudglimmer,2024,1
3547f34a-db02-4ab7-b4a0-380e1ef951a9,7f231c61-20b2-49d6-ac66-1cacc4cc775f,Visions of a Life,2017,1
3547f34a-db02-4ab7-b4a0-380e1ef951a9,8216c4a1-367e-405e-8d67-9457f6e76c22,Blue Weekend,2021,1
3547f34a-db02-4ab7-b4a0-380e1ef951a9,40ef5f61-a3f8-4624-834b-39290ee47ab2,The Clearing,2025,1
357ffd02-384f-4dbd-abcd-5f1bcb616ef9,c86f8368-5c33-46d6-8062-01fb26cbf6bc,Hit Reset,2016,1
3599a39e-4e10-4cb5-90d4-c8a015ebc73b,d18f6a72-abf4-4dc0-9bef-89c31d8ee877,Woodstock,2017,1
3599a39e-4e10-4cb5-90d4-c8a015ebc73b,4fd25367-6d55-4095-a651-58d469dbf7fc,Chris Black Changed My Life,2023,0
3599a39e-4e10-4cb5-90d4-c8a015ebc73b,16c1f60b-59fe-46b9-8b87-9b7294606e5b,SHISH,2025,0
35a6a353-b186-4c13-a264-d18d5e2ce853,84a1e911-e786-4921-9ac7-78b17d7a2b16,Melon Collie and the Infinite Radness (Parts One & Two),2016,0
35a6a353-b186-4c13-a264-d18d5e2ce853,26f78eb3-c624-4c36-a302-dbdf388a4ab6,TPC,2018,0
3648db01-b29d-4ab9-835c-83f6a5068fe4,bd835044-cd62-4f30-8447-438232763075,“Luciferian Towers”,2017,0
3648db01-b29d-4ab9-835c-83f6a5068fe4,3805cfb2-b333-4ed0-a696-019666cca5d7,G_d’s Pee AT STATE’S END!,2021,0
3648db01-b29d-4ab9-835c-83f6a5068fe4,7df4cbb0-30ed-4fed-9383-dd5fe3dbff30,"“NO TITLE AS OF 13 FEBRUARY 2024 28,340 DEAD”",2024,1
373a4c98-a46b-48e4-86ec-f6ca65b4f438,20802b79-0b52-4053-9f7b-fad69d4a34f7,The Big Day,2019,1
373a4c98-a46b-48e4-86ec-f6ca65b4f438,00c005d9-b516-4707-b27a-394a9a92f9ed,Star Line,2025,0
373faa02-74d7-4b1d-9b47-7574ad510f8d,2db65b00-baa9-454d-b4a5-9f9e6f239cd1,Ruins,2018,1
373faa02-74d7-4b1d-9b47-7574ad510f8d,cbd76ffb-9e6a-4993-a72a-95d351491bc4,Palomino,2022,1
3754dc74-381e-4237-bd44-65f5600a4d88,4fa817df-b303-431d-9959-e50db3722957,V.,2018,0
37e87694-b263-4ff4-839f-463f78cfef54,5e5a001f-7bc8-4edb-928c-cb6129a89bc8,Winter Songs,2018,0
37e87694-b263-4ff4-839f-463f78cfef54,b2f5ba57-8090-4b56-94fb-b69649a24aec,Rose in the Dark,2020,0
37e87694-b263-4ff4-839f-463f78cfef54,951451ec-f5bf-4c2c-8bf4-f6bd7f1dc9ed,Mother,2021,1
37e87694-b263-4ff4-839f-463f78cfef54,7ec76eab-dfd7-4d6d-ad90-a3e27e724aad,Heaven,2023,0
37e87694-b263-4ff4-839f-463f78cfef54,95317175-336b-494c-9451-a92da83d74ed,Gold,2023,0
381086ea-f511-4aba-bdf9-71c753dc5077,b88655ba-7469-48b8-a296-b9011ab73ef3,DAMN.,2017,1
381086ea-f511-4aba-bdf9-71c753dc5077,6bd70eee-bd46-4738-851a-f50c19d8d6db,Mr. Morale & the Big Steppers,2022,1
381086ea-f511-4aba-bdf9-71c753dc5077,32cb822c-a14e-49ce-a169-f209c5f31e0f,GNX,2024,1
38d16213-25ba-450d-8665-4e08548e62e3,ba62dde6-ab31-47f6-9d86-2c92d49cba44,軌跡 - Kiseki,2017,0
38d16213-25ba-450d-8665-4e08548e62e3,e9a40c3a-603d-4043-b566-747af3ce0459,Cosmic Yard,2018,0
38d16213-25ba-450d-8665-4e08548e62e3,1c9f2a0a-d4c2-44db-91b9-665707ead91d,Diggin’ on Blue: Mixed by DJ Krush & Muro,2019,0
38d16213-25ba-450d-8665-4e08548e62e3,24b1ebfc-d4db-4c0b-9673-a1e4892983e8,Trickster,2020,0
38d16213-25ba-450d-8665-4e08548e62e3,b12b1a91-abad-43aa-ab5e-6271de2e2d2f,再生 - Saisei,2024,0
3944b36f-0ec2-4972-bab4-c45477b7b8f1,31a18f36-0e29-405d-8ee7-29fb52a9a6dd,t.i.a.p.f.y.h.,2021,1
3a605eba-b6a1-4298-855d-b3033df0bf8b,3e0709fe-24c9-44ae-84ca-f9a93b6d0f34,House in the Tall Grass,2016,0
3a605eba-b6a1-4298-855d-b3033df0bf8b,fe815acc-e833-46e1-a995-6d0a2a62dc80,Masana Temples,2018,1
3a605eba-b6a1-4298-855d-b3033df0bf8b,b9a6d3d3-e308-4d87-9b9b-6f33c655a41c,Kumoyo Island,2022,1
3a6d5180-a336-464b-824c-689c53ae57a4,84ed432b-1eb0-4f33-9e2f-c81cbb9bc2c5,Fotoform,2017,1
3a6d5180-a336-464b-824c-689c53ae57a4,a35206ed-dae3-4eee-8293-a422c95ffcf2,Horizons,2021,0
3a6d5180-a336-464b-824c-689c53ae57a4,bd1d54bf-611d-4cb4-b237-825f7a9c8b4a,Grief Is a Garden (Forever in Bloom),2025,1
3a6d6481-142d-423f-91d4-55bbfff318ed,e7f78cc5-a99f-44cc-b042-587358e2b251,Boo Boo,2017,0
3a6d6481-142d-423f-91d4-55bbfff318ed,2753885d-8835-4ecd-a125-c9a23f176efe,Outer Peace,2019,1
3a6d6481-142d-423f-91d4-55bbfff318ed,76321427-f2b9-4b33-9555-f666939f510b,Inclusion,2020,0
3a6d6481-142d-423f-91d4-55bbfff318ed,56debeaa-5db4-4c68-bfd5-a4c6b19128cf,MAHAL,2022,1
3a6d6481-142d-423f-91d4-55bbfff318ed,fba3bb80-610e-474c-840b-3cafaa9eef86,Hole Erth,2024,0
3a9f3479-4f0c-4355-8ccd-c9ed5cd01586,1acfa5e7-6563-4c88-84ba-fe33d90e2a92,"Freedom, Love and the Recuperation of the Human Mind",2016,0
3a9f3479-4f0c-4355-8ccd-c9ed5cd01586,8e99e2ef-a06e-473c-96a0-75c84eb5cc02,Ben Lee Sings Songs About Islam For The Whole Family,2017,0
3a9f3479-4f0c-4355-8ccd-c9ed5cd01586,c32d217f-eea1-4f9a-8b02-7168d3c8c73b,B Is for Beer: The Musical,2018,0
3a9f3479-4f0c-4355-8ccd-c9ed5cd01586,18df09ea-8c4e-4f83-b7c9-229daf74d1f2,Quarter Century Classix,2019,0
3a9f3479-4f0c-4355-8ccd-c9ed5cd01586,4a70f32e-cd45-4140-b46f-495a49ec66e1,I'M FUN!,2022,0
3a9f3479-4f0c-4355-8ccd-c9ed5cd01586,cd17b78a-131d-446e-888b-5a5e94192fd1,This One's for the Old Headz,2024,0
3ac482b8-1494-4071-a0e9-f192f9d2c2b0,1ca2e8a0-0347-42f0-874e-a889f706502a,Built to Spill Plays the Songs of Daniel Johnston,2020,0
3ac482b8-1494-4071-a0e9-f192f9d2c2b0,ef4d4b99-a73c-48f4-8e7f-5244c38e4cbd,When the Wind Forgets Your Name,2022,1
3ae2fb37-8a23-429d-9920-bac811c4fc22,e084177d-10ad-4b06-af26-c0586272150a,Boarding House Reach,2018,1
3ae2fb37-8a23-429d-9920-bac811c4fc22,c0024f0b-27c6-4fec-9ab1-93ca7a491af1,Fear of the Dawn,2022,1
3ae2fb37-8a23-429d-9920-bac811c4fc22,bc7c39eb-4325-4a5f-9676-df41588ecf4e,Entering Heaven Alive,2022,0
3ae2fb37-8a23-429d-9920-bac811c4fc22,5ef2a512-3680-4661-bfea-870cb8bf6507,No Name,2024,1
3b3531c4-cd2d-4df0-897c-a2e29b8341fc,9946f1c9-a82d-4d30-a157-294ec204e15b,Outsiders,2018,0
3b39abeb-0064-4eed-9ddd-ee47a45c54cb,d061850c-7888-49ab-9868-f7eab6c921d5,The Lost Tapes,2018,0
3b39abeb-0064-4eed-9ddd-ee47a45c54cb,4288060d-4fae-490a-a24f-796057c5f5cd,Ghost Files,2018,0
3b39abeb-0064-4eed-9ddd-ee47a45c54cb,c157360e-7f0a-4dc1-b503-bfc244a74bcf,CZARFACE Meets Ghostface,2019,0
3b39abeb-0064-4eed-9ddd-ee47a45c54cb,a70e8774-5278-434b-8234-5ccf2c88d9a7,Ghostface Killahs,2019,0
3b39abeb-0064-4eed-9ddd-ee47a45c54cb,9ca5b6d9-f56b-4141-9183-79ce80f38101,Set the Tone (Guns & Roses),2024,0
3b39abeb-0064-4eed-9ddd-ee47a45c54cb,34814991-0b11-4a12-bd0c-8616c170b774,Supreme Clientele 2,2025,0
3b7c93ab-40a5-4745-ab6b-eaafed2308bb,80106280-245a-4c11-8712-c8de2c4ef94a,Out of Silence,2017,0
3b910f7b-018f-408f-950b-47e02d2ce305,024a3a35-6fb9-4d78-b00e-91fad1f1d9c1,Turn Into,2016,0
3b910f7b-018f-408f-950b-47e02d2ce305,c3084620-1577-457e-893c-6ef5d6d1aea1,Everybody Works,2017,0
3b910f7b-018f-408f-950b-47e02d2ce305,19a15576-2027-497d-93e7-07c67879db0e,Anak Ko,2019,1
3b910f7b-018f-408f-950b-47e02d2ce305,a8de19c2-5e45-4c7d-940e-b1ced88059bc,Belong,2025,1
3bcff06f-675a-451f-9075-99e8657047e8,065cf7e0-83b8-4946-96d4-f2346df3fcbb,New Energy,2017,0
3bcff06f-675a-451f-9075-99e8657047e8,513341f3-3daf-46df-b469-b5eea02dc28b,Sixteen Oceans,2020,0
3bcff06f-675a-451f-9075-99e8657047e8,a217b855-1969-4256-8764-b5b31e01e75f,Parallel,2020,0
3bcff06f-675a-451f-9075-99e8657047e8,364c7a46-1812-4a2b-b979-a6c6c992cef8,Three,2024,0
3c8ff4c9-b5b9-4e78-ad9d-5157c323de24,072147ca-f6c2-4e74-b54d-6d41ae5e105e,Tween,2016,0
3c8ff4c9-b5b9-4e78-ad9d-5157c323de24,e0663598-ce07-4287-9324-87220341b2fa,"The Louder I Call, the Faster It Runs",2018,1
3c8ff4c9-b5b9-4e78-ad9d-5157c323de24,00b8b1cd-5c0f-42fb-89a7-33acea410237,Shriek: Variations,2024,0
3cb3928a-526c-4a3d-93c5-53315fa9bde0,d4bea9d0-1cf1-4cb5-a823-f30e4722de88,Little Fictions,2017,1
3cb3928a-526c-4a3d-93c5-53315fa9bde0,b3dadd3d-9f27-496a-8ff0-5ab80ff589f9,Giants of All Sizes,2019,1
3cb3928a-526c-4a3d-93c5-53315fa9bde0,cfbac94f-baa9-4d33-bf70-bf70f9c41a03,Flying Dream 1,2021,0
3cb3928a-526c-4a3d-93c5-53315fa9bde0,d9213961-c650-4100-b746-82e36963d524,Audio Vertigo,2024,0
3cdb40fe-a63e-4bb9-b40d-17cda5f50979,e20c3563-0b6b-4dc6-8a84-76def5319ba8,Stillness in Wonderland,2016,0
3cdb40fe-a63e-4bb9-b40d-17cda5f50979,c41347b7-c93c-42d8-825b-529c7de0bed2,GREY Area,2019,1
3cdb40fe-a63e-4bb9-b40d-17cda5f50979,e95de3f4-84db-4d24-8d06-fd970576a6ef,Sometimes I Might Be Introvert,2021,1
3cdb40fe-a63e-4bb9-b40d-17cda5f50979,f8ab53bd-395c-4763-98ca-0c19ab059e64,NO THANK YOU,2022,1
3cdb40fe-a63e-4bb9-b40d-17cda5f50979,749672ae-a51d-4cf5-920c-beaeab147bb6,Lotus,2025,1
3ceeddbd-fba5-4bdb-99f7-2d028ed5afda,1339f18d-220a-4405-8ae9-e52993b1ef70,the record,2023,1
3d254f1e-7d18-431b-baeb-68e57695dfdb,28758285-c1e0-4b97-a014-c21bd1c8f5ec,Freetown Sound,2016,1
3d254f1e-7d18-431b-baeb-68e57695dfdb,a1ee0d2c-2c29-43d0-836f-53a26ff422dc,Negro Swan,2018,1
3d254f1e-7d18-431b-baeb-68e57695dfdb,778e2320-736e-4634-ae65-354d408c40e9,Essex Honey,2025,1
3ddfd733-80a1-4c2b-a49c-32acb19f507c,830eb0df-724d-4649-a13d-468fda903302,Accustomed to Your Face,2018,0
3ddfd733-80a1-4c2b-a49c-32acb19f507c,c0183402-0ef0-4105-b019-38e90575e83f,Kinski ∞ Acid Mothers Temple & The Melting Paraiso U.F.O.,2019,0
3ddfd733-80a1-4c2b-a49c-32acb19f507c,7557271a-5658-4bb4-ba01-0e419680758d,Stumbledown Terrace,2025,0
3dee0ca7-99ae-4421-9c3b-f42d8caf4c88,1eaa5b7e-8588-4700-a614-277df3f446ed,The Competition,2019,0
3df29542-402a-49a5-ae1f-82f936184b3b,56c79d5a-49e4-4506-b3f1-fbb13896b9dc,Breaking the Balls of History,2023,0
3df3818e-7984-4c62-bee3-81f95f8c6651,a86441c8-6cc9-48f5-bb34-a849cc09f1a6,Somersault,2017,1
3df3818e-7984-4c62-bee3-81f95f8c6651,f90aa1a4-ccbc-4578-9888-d8a14e31967d,The Other Side of Life: Piano Ballads,2021,0
3df3818e-7984-4c62-bee3-81f95f8c6651,90b533b4-fbf9-4f97-aa4c-e2895ed7e072,Bunny,2023,1
3e0e78e8-cf0c-46e3-84fe-555a3e8ad4d4,2712d3fe-9469-4446-9202-1b800344032c,Pretty Years,2016,1
3e3c2787-4412-4614-82af-ce903b4d8b96,d0fc3764-be5d-4f68-83c3-24bcd35ec7bf,BLUSH,2022,1
3f542031-b054-454d-b57b-812fa2a81b11,91517369-8453-4727-899e-e0b0abacf624,There’s a Riot Going On,2018,1
3f542031-b054-454d-b57b-812fa2a81b11,0616261c-a26c-490d-9416-7304ae043332,We Have Amnesia Sometimes,2020,0
3f542031-b054-454d-b57b-812fa2a81b11,557bc850-2155-4dfd-84dd-01babf329a11,This Stupid World,2023,1
3f575ecd-627d-4f08-a89f-abd46d469c7e,8589d191-7d6f-450f-a380-ae9a4a18a8b8,Weather Diaries,2017,1
3f575ecd-627d-4f08-a89f-abd46d469c7e,923ad3ed-9f87-43d9-aad2-5fbb5d1a302c,This Is Not a Safe Place,2019,1
3f575ecd-627d-4f08-a89f-abd46d469c7e,ce67ae32-cd4d-47d8-8e95-c63c174c8510,Interplay,2024,0
3fa354b6-aaba-4bb7-99ca-78a843047b4f,39efb0a3-8aee-4e98-8a18-6181aa34c534,Underneath and In Between,2017,0
3fa354b6-aaba-4bb7-99ca-78a843047b4f,348ce452-6947-426f-a649-ccfbd13ade39,Dirty Disco,2024,0
3fafb3eb-bd69-4463-b6aa-bf88472b6089,37f8e934-8e95-41ef-b73e-35eedec522a2,Quite a Life,2018,0
3fafb3eb-bd69-4463-b6aa-bf88472b6089,ff1c5484-f567-442d-995f-f3767c3abeca,Mobile Homies Season 1,2022,0
3fafb3eb-bd69-4463-b6aa-bf88472b6089,10562824-5120-497d-b4b3-618ee6f64f10,Vision Board,2022,0
3fafb3eb-bd69-4463-b6aa-bf88472b6089,e52282d9-3b38-420e-bf3c-9d911ffde3e1,"Goodbye, Sticky Rice",2024,0
3feba7fa-3837-424a-b4f1-0077d217f569,5a6ab81f-2146-421f-92b6-2124e009efbb,Amen & Goodbye,2016,0
3feba7fa-3837-424a-b4f1-0077d217f569,e4c66dea-87c8-453e-b092-a24c8e10d1a2,Erotic Reruns,2019,0
3ff72a59-f39d-411d-9f93-2d4a86413013,340817fa-49d5-4afb-b947-db4a9e7c9703,50 Song Memoir,2017,0
3ff72a59-f39d-411d-9f93-2d4a86413013,2cb91562-aebc-4ed4-8709-ab45dcbff3c0,Quickies,2020,0
410e7fd3-b865-4fa0-bb18-1b7fd53382ca,331a7ba1-fae2-4881-b434-554f46c13746,A Seat at the Table,2016,1
410e7fd3-b865-4fa0-bb18-1b7fd53382ca,3ec17787-1d35-4d05-ac06-5294c99a8d4e,When I Get Home,2019,1
4173ee0d-e003-496a-98eb-a2eaa90cb3f7,e42f146d-a530-489a-b2fa-214838bbbeee,Miss Universe,2019,0
4173ee0d-e003-496a-98eb-a2eaa90cb3f7,d831b7a0-da93-49df-8102-b3c219a811df,PAINLESS,2022,1
4173ee0d-e003-496a-98eb-a2eaa90cb3f7,0afc2c07-d35c-4618-864a-0519a8bc69c4,My Method Actor,2024,1
41a94033-8b12-4c60-a22c-38c78801e363,aedb53ba-bdad-4454-96f1-bb52f45b069b,Fujiya & Miyagi,2017,0
41a94033-8b12-4c60-a22c-38c78801e363,ac397af3-f96d-4562-bf0b-8edd47efa2d2,Fujiya & Miyagi on Audiotree Live (Session #2),2018,0
41a94033-8b12-4c60-a22c-38c78801e363,daa7e6ea-f03b-4a13-a863-3f1a8686d356,Flashback,2019,0
41a94033-8b12-4c60-a22c-38c78801e363,e15f5d40-7921-461f-a4db-442f55127b3d,Slight Variations,2022,0
41aa2734-ec86-4197-a074-d44886e7da8d,95b831c8-40f1-45be-b573-e8902f1fbd6c,Life Will See You Now,2017,0
41aa2734-ec86-4197-a074-d44886e7da8d,4a269224-fecc-4417-9d31-4761f8fed09b,Correspondence,2019,0
41aa2734-ec86-4197-a074-d44886e7da8d,5fbc122c-2977-49eb-9535-f70a65ee72d5,Songs for Other People’s Weddings,2025,0
41e30723-07ab-40fd-8f6b-983981a76d8b,ddba21a7-f6a5-4c8e-a2b9-3b0db8f6d5ca,When I Have Fears,2019,1
41e30723-07ab-40fd-8f6b-983981a76d8b,77f9ee82-9cf2-4831-81e8-8631b31dce57,Gigi’s Recovery,2023,0
41e30723-07ab-40fd-8f6b-983981a76d8b,1542e9cf-6463-4a5f-ad50-684ccbf2ed6c,Blindness,2025,0
42321e24-42b6-4f08-b0d9-8325ee887a20,b3808167-f635-4e88-b0c4-a7873e86237e,Out in the Storm,2017,1
42321e24-42b6-4f08-b0d9-8325ee887a20,38b46e05-894f-432a-97cb-a3a1219c14bd,Saint Cloud,2020,1
42321e24-42b6-4f08-b0d9-8325ee887a20,f9aa9b53-2c89-4901-926e-e992f1e4d8c0,Tigers Blood,2024,1
4236acde-2ce2-441c-a3d4-38d55f1b5474,a43b86a6-9175-446c-bb33-8201eaff104c,The Wilderness,2016,1
4236acde-2ce2-441c-a3d4-38d55f1b5474,d1ec1ce0-d251-41e0-aa6b-3a3762c600cf,End,2023,0
423a85de-66ba-4113-abdc-ba2678ee89ba,7b80dfaf-d411-42b5-a7b0-7f99ee44b88d,GN,2017,0
423a85de-66ba-4113-abdc-ba2678ee89ba,47279fb5-738c-44fb-8240-b53cf5ecd6ad,Printer's Devil,2020,0
423a85de-66ba-4113-abdc-ba2678ee89ba,4517ffe3-9a92-4932-84f2-3a5a1666c3c5,"Happy Birthday, Ratboy",2021,0
423a85de-66ba-4113-abdc-ba2678ee89ba,f6b65cfd-0354-4aef-9cf3-1514190f7d79,The Window,2023,1
42a1253e-0efc-45e8-b627-ff802fb9e9ee,865a6ecd-807c-4bd0-b772-8626f52ffd6e,City Sun Eater in the River of Light,2016,0
42a1253e-0efc-45e8-b627-ff802fb9e9ee,daca825e-be2f-4cf8-96ae-c6be956ddd52,Love Is Love,2017,0
42a1253e-0efc-45e8-b627-ff802fb9e9ee,157f1a06-a1ba-45fe-91cc-0d9ba6343081,Strange to Explain,2020,0
42a1253e-0efc-45e8-b627-ff802fb9e9ee,e1e18ed7-df83-4af8-92f9-a970d0606450,Reflections Vol. 1 (Bumble Bee Crown King),2020,0
42a1253e-0efc-45e8-b627-ff802fb9e9ee,2945b369-3475-49bb-aa83-6524e8c6fa9d,Little Black Flowers & Day Moving On,2023,0
42a1253e-0efc-45e8-b627-ff802fb9e9ee,6b57048d-a175-49c9-924f-66f9960193b0,Perennial,2023,0
42d72c29-8a7a-4c88-89ed-a2ca25d40284,ea9d35e8-bec7-43e8-96b1-3a6e9eb7295a,Adore Life,2016,1
42f0a4aa-644b-4bb6-aca0-07207562e8cb,c997ac61-04a9-48d1-801d-251611e77191,Honest Life,2016,0
42f0a4aa-644b-4bb6-aca0-07207562e8cb,d926ff86-19fd-4e8d-9764-416ab3d9ea79,May Your Kindness Remain,2018,0
42f0a4aa-644b-4bb6-aca0-07207562e8cb,cc9319ef-5bd5-4d1c-a02a-e7524bb757d9,Old Flowers,2020,1
42f0a4aa-644b-4bb6-aca0-07207562e8cb,824de91e-bbeb-49cc-a608-4a52234d0f3d,Loose Future,2022,0
42faad37-8aaa-42e4-a300-5a7dae79ed24,d24e94ad-80e2-405d-b20a-8fd6927213dd,Double Negative,2018,1
42faad37-8aaa-42e4-a300-5a7dae79ed24,b835ce22-736e-4338-8a88-f558daa84d60,HEY WHAT,2021,1
4342cf80-7c06-4402-a431-457e77310474,8bdc4da0-1f97-4532-a1d2-2a1915d24fbc,Congrats,2016,0
4342cf80-7c06-4402-a431-457e77310474,0d13a53f-486d-4f39-a96b-416167877c50,Deleter,2020,1
437a0e49-c6ae-42f6-a6c1-84f25ed366bc,95d3c3f0-6834-4478-9d3d-b9e72729cb88,"Live at Pioneer Works, Brooklyn",2016,0
437a0e49-c6ae-42f6-a6c1-84f25ed366bc,f0e8f425-a941-48df-b5d7-2ceeaaf77c71,"22, a Million",2016,1
437a0e49-c6ae-42f6-a6c1-84f25ed366bc,84b1e699-5af2-44ea-a428-9aeb792e1ff0,Live at Primavera Sound 2017,2017,0
437a0e49-c6ae-42f6-a6c1-84f25ed366bc,e11b1746-e8af-4704-93cb-feeb7800e878,MELT Festival,2019,0
437a0e49-c6ae-42f6-a6c1-84f25ed366bc,e53d381a-3b37-4154-9a6e-7d343b3e182e,"i,i",2019,1
437a0e49-c6ae-42f6-a6c1-84f25ed366bc,4843294e-a8ab-4a39-864b-36faa09a2dd8,"SABLE, fABLE",2025,1
437b356d-88f1-4dde-af5e-dec1c9d7dde4,62e8d6c6-876c-4fe5-a557-05787adbb70a,Pony,2019,1
437b356d-88f1-4dde-af5e-dec1c9d7dde4,99bea649-be72-4e3b-a892-bce7ad6f3d3f,Bronco,2022,1
437b356d-88f1-4dde-af5e-dec1c9d7dde4,0dac6611-0a26-4b2b-a70f-1ea1fe665b3a,Stampede,2024,1
440d564f-7288-45e2-8449-885d65dc4d33,98bdcaeb-b740-469c-ad16-947a21d99b44,The Dip Delivers,2019,1
440d564f-7288-45e2-8449-885d65dc4d33,bddb2ce8-5d3c-42b2-82a9-cff084cbdc59,Sticking With It,2022,0
440d564f-7288-45e2-8449-885d65dc4d33,87b4ffb3-dbef-4cb4-92ad-e1a2924da78f,Sticking With It (Acoustic Versions),2022,0
440d564f-7288-45e2-8449-885d65dc4d33,7e5e1314-a01e-44ad-9520-08bc4be1ed4b,Love Direction,2024,0
4424a6e5-5232-4410-b1f0-b8b510d31ffd,b8c0ad69-d7be-4069-86f4-aa53493cc25e,Versions of Modern Performance,2022,1
4424a6e5-5232-4410-b1f0-b8b510d31ffd,a1b1c950-334e-40b5-b819-209ed6c49673,Phonetics On and On,2025,1
44265511-306b-438d-940a-8fb07fba2d88,717e3a65-f1d6-4b5c-8985-a357b5d9439a,Hope,2017,0
44265511-306b-438d-940a-8fb07fba2d88,50fb3ae1-fa7f-47f2-8774-69ebd98716cc,Revelations,2017,0
44265511-306b-438d-940a-8fb07fba2d88,e72057a3-163d-481d-84f9-34ae829f5d05,Resolution,2018,0
44265511-306b-438d-940a-8fb07fba2d88,1b284f82-f93c-4013-8d1c-0de3dd7f5d7e,"Be the Yee, Here Comes the Haw",2019,0
44265511-306b-438d-940a-8fb07fba2d88,83322c75-93d2-4f56-bef6-fb7b2d780fa6,Cataclysm,2020,0
44265511-306b-438d-940a-8fb07fba2d88,1249c59a-11ae-4ffe-be95-ec8daad36a30,Shamir,2020,0
44265511-306b-438d-940a-8fb07fba2d88,1586d75a-83fa-4104-87aa-0f2114ea3944,Heterosexuality,2022,0
44265511-306b-438d-940a-8fb07fba2d88,94d4cc98-5ac1-4d39-b150-6309b4c5a602,Homo Anxietatem,2023,0
44265511-306b-438d-940a-8fb07fba2d88,99e8e9b6-99be-4912-be2b-3e41e84332d4,Ten,2025,0
4449ccf6-c948-4d33-aa97-b6ad98ce4b5b,648c101a-9e3a-46ac-9bbb-eb0eb8aaff01,Art of Doubt,2018,1
4449ccf6-c948-4d33-aa97-b6ad98ce4b5b,054eb133-cbe9-4b7e-b3bf-41fdc9f1cfa1,Formentera,2022,1
4449ccf6-c948-4d33-aa97-b6ad98ce4b5b,3e524ba3-2beb-4f62-8f50-ae324c3d141e,Formentera II,2023,0
4486702e-7b26-43fd-babc-c0df7be0e1d9,7288f624-c734-4354-b571-eb54b1ab0e32,Sea of Noise,2016,1
4486702e-7b26-43fd-babc-c0df7be0e1d9,849307b6-0a73-41e0-99fe-53241efc01bc,Young Sick Camellia,2018,0
4486702e-7b26-43fd-babc-c0df7be0e1d9,e0662312-8845-4986-833b-aaa41e715b80,The Alien Coast,2022,0
4486702e-7b26-43fd-babc-c0df7be0e1d9,60389e78-1cf6-4c5f-9bc1-2af657a3bb6c,Angels in Science Fiction,2023,0
4486702e-7b26-43fd-babc-c0df7be0e1d9,e3fd9823-7df7-453a-8b55-72eb0eaec8c8,St. Paul & The Broken Bones,2025,0
449c400c-8312-4c1d-bed8-c8d774090759,2a8a6e2e-9bf2-481b-b253-4cc0c8f7953f,Strange Peace,2017,0
449c400c-8312-4c1d-bed8-c8d774090759,79759a16-b275-4314-854c-8b5bbdbfe91e,Atlas Vending,2020,0
449c400c-8312-4c1d-bed8-c8d774090759,904b319a-5553-4e6c-9531-98944b071676,Up on Gravity Hill,2024,0
44c66117-552e-4e4d-a969-fb0fca779267,e2138cbc-39fb-42d9-bda1-aa6e5204a085,You Had Me at Goodbye,2017,0
44c66117-552e-4e4d-a969-fb0fca779267,0fa27b75-2f59-4be2-8205-24806e9a95ce,Kinda (Acoustic),2017,0
44c66117-552e-4e4d-a969-fb0fca779267,aa2dd617-8d01-4417-bab6-b41aff065871,A Small Death,2020,0
44c66117-552e-4e4d-a969-fb0fca779267,5c278ded-7e91-4441-af13-06ca6d484dd1,Pick Apart / Bloomsday (Husbands remix),2021,0
44c66117-552e-4e4d-a969-fb0fca779267,be633047-2dae-40ec-8e4d-9f9b6e53f0d1,Gumshoe,2025,1
45610c1f-41a4-44f1-9da6-227510073ffc,04c71cac-ffc7-4a9c-a90f-e473551662de,Aviary,2018,0
45610c1f-41a4-44f1-9da6-227510073ffc,10feb3ce-4f12-4da3-9abe-035b42244a60,Behind the Wallpaper,2023,0
45610c1f-41a4-44f1-9da6-227510073ffc,f0be7474-c683-4721-8389-11b3e011387b,Something in the Room She Moves,2024,0
45804465-4271-4e6a-b881-ce668ef09530,57d84f17-7b18-4800-b7c2-15833b468637,Hive Mind,2018,1
45be8e20-3c3c-4e78-98f0-b5bdecf2f703,0ad091cc-0241-4582-8875-2329cf17a831,Bird Machine,2023,0
45f563aa-4601-4c6d-ab0d-a9f296eea71a,c42a301f-512f-45ac-adf2-e5a2d655c559,Circuit Breaker,2024,0
469d6414-1f06-43de-80d5-17762d4a356a,f067b496-8b8b-479b-99f0-77ccc1f84a28,Front Row Seat to Earth,2016,0
469d6414-1f06-43de-80d5-17762d4a356a,b30447b9-8e32-4e98-a128-9c18d9378e8d,Titanic Rising,2019,1
469d6414-1f06-43de-80d5-17762d4a356a,a392a1a8-8d91-4a79-82a4-0f7e894eb435,"And in the Darkness, Hearts Aglow",2022,1
46f4e349-ddec-4131-9367-91b630a821d0,7eab3c7d-5669-4d13-90cf-9f3667cc36d0,The Echo of Pleasure,2017,0
46f4e349-ddec-4131-9367-91b630a821d0,8fd9a55d-faf7-48e6-9294-eb8629269316,Full Moon Fever,2018,0
46f4e349-ddec-4131-9367-91b630a821d0,279aed3c-780d-4149-a905-9162f687a940,Young Adult Friction/Belong live,2020,0
47553783-12bd-4f2c-999c-d5743be93668,7b4f1d8a-1b7e-42e3-8f1d-01669ee3d066,Single Rider,2018,1
47553783-12bd-4f2c-999c-d5743be93668,23f95821-4f2e-49b1-b236-0d7043c41a7a,The Blue Album,2019,0
47553783-12bd-4f2c-999c-d5743be93668,f0937025-c7d2-4b8a-831f-68076583855c,The Last Night of Sadness,2023,1
47864525-aea7-439a-800f-17c57e51cbcc,36c53ffe-7dc6-4311-a4fe-5a3717c8e5e8,MICHAEL,2023,1
47864525-aea7-439a-800f-17c57e51cbcc,44450c8c-2cda-4f1e-8667-5e27c06fdd73,Michael & The Mighty Midnight Revival: Songs for Sinners and Saints,2024,0
4799fba1-5a7f-4f0e-b341-90da2838fb5a,6cd59453-033c-4b4c-95ba-95eabc9a9c5f,Diving for a Prize,2025,1
484a4e90-6899-4e4b-a948-a2255d365340,59f6afa7-b6c7-4120-b16e-f0a7d6360da9,All My Demons Greeting Me as a Friend,2016,0
484a4e90-6899-4e4b-a948-a2255d365340,b66d4c86-df76-473c-80af-1f4236caa88a,Infections of a Different Kind: Step 1,2018,0
484a4e90-6899-4e4b-a948-a2255d365340,9c335c40-289c-4c68-922b-5e0a3d155f0d,A Different Kind of Human: Step 2,2019,0
484a4e90-6899-4e4b-a948-a2255d365340,8a6b101d-1cf1-4b43-813a-8bac67462495,The Gods We Can Touch,2022,0
484a4e90-6899-4e4b-a948-a2255d365340,66abc6cf-3afd-4a6e-a66a-2b9566b5c63c,What Happened to the Heart?,2024,1
48772747-4cda-4ba8-b470-cfd5a32e05f7,5ba287b9-cf39-4d50-8f2f-ef3b6a789a65,Stripped,2016,0
48772747-4cda-4ba8-b470-cfd5a32e05f7,af2f83a0-2b91-4274-a8bb-6bdda45ef683,Ruby,2018,0
48772747-4cda-4ba8-b470-cfd5a32e05f7,f6512fb7-cc28-4310-ab5a-2a89e923a8a4,Christmas with You,2022,0
48772747-4cda-4ba8-b470-cfd5a32e05f7,0da2addc-a76a-4f47-9995-beec69cb383c,The Reset,2023,0
487bfd74-71bf-46dd-b89c-80b7a0f06f2f,887367f0-fc74-4cb2-a6c6-53e13ff9672a,The Death of Randy Fitzsimmons,2023,1
487bfd74-71bf-46dd-b89c-80b7a0f06f2f,54799c5b-7f66-4b78-98f7-cceca58e6be7,The Hives Forever Forever the Hives,2025,1
4883523d-fc0e-4d0d-802c-91379e767083,b14fe8c5-a233-44bb-8c99-8b50ffe4b4c2,Thrashing Thru the Passion,2019,0
4883523d-fc0e-4d0d-802c-91379e767083,5868d47c-f18c-4dbc-8362-245df4928016,Open Door Policy,2021,0
4883523d-fc0e-4d0d-802c-91379e767083,3a212c7e-831a-4c91-9e4d-7c260ee01d34,The Price of Progress,2023,0
4898b9ad-f564-4ff1-9046-b1a16dfd5200,6ed676b4-0f70-4b01-a0f2-fab6b96cb2d1,IV,2016,1
4898b9ad-f564-4ff1-9046-b1a16dfd5200,86316c2f-33dd-4adc-bc52-63dce349d15a,Destroyer,2019,0
48b83db5-1aa2-48d3-8f5c-8cc1d585e585,666a340e-2e70-488b-aab7-beb055eedad5,Spread the Feeling,2019,0
48b83db5-1aa2-48d3-8f5c-8cc1d585e585,17fdf98e-4282-4cc5-8c63-a317051834e2,Who Will You Believe,2024,0
49814f71-8fef-41ec-9af8-b6995c0bd601,217bf0ca-e5f1-44bf-9411-ca3f1ac22a41,Death Song,2017,1
49814f71-8fef-41ec-9af8-b6995c0bd601,0ff6c0af-9859-4b5f-b28a-ed9cf9271375,Wilderness of Mirrors,2022,1
49d81580-762a-4c60-8c57-c1fe9f3c9485,e8a25d28-66c7-415a-a741-35b4cac34733,The Quiet Year,2025,1
4a069029-4f64-4946-b650-01aeb0b55d9d,40bd8617-e185-4a75-bd42-a72906a431e2,PersonA,2016,0
4a18722d-5a98-41c8-9e86-814afbffc704,7e8398de-4d8f-4032-bfc4-3db67a456399,Heaven Is a Junkyard,2023,1
4a18722d-5a98-41c8-9e86-814afbffc704,45b3011b-f9c1-43ff-b172-4bcf100453a4,Rarely Do I Dream,2025,0
4aae17a7-9f0c-487b-b60e-f8eafb410b1d,d0bc9106-e9b2-48c3-8ee8-414271d84582,"Shell Shock (Opera) (World Premiere Recording – Royal Opera House, La Monnaie)",2016,0
4aae17a7-9f0c-487b-b60e-f8eafb410b1d,6b844047-1dd0-4557-9db9-75d7b5ef33bc,L.I.T.A.N.I.E.S,2020,0
4aae17a7-9f0c-487b-b60e-f8eafb410b1d,189d0b66-b509-43dc-baac-59ee6fe0ab90,CARNAGE,2021,1
4ac6c2fd-daad-4c31-b266-017c79d2e9a9,3adc4949-6cec-4600-9831-543b0dd9c7f9,Scared Famous/FF>>,2021,0
4ae429fe-735c-4968-8253-a591421b1bd0,8a139f4b-0ad9-4265-8d91-d8e80d9c053f,if i could make it go quiet,2021,1
4ae429fe-735c-4968-8253-a591421b1bd0,d7b77d63-bed5-4b21-8ad1-0df0dcef17c4,I’M DOING IT AGAIN BABY!,2024,0
4afbef0a-05ee-4551-b0e0-f1f1870d8f1c,c65fb96b-08dc-44b4-b0ca-3576317b5513,Schlagenheim,2019,1
4afbef0a-05ee-4551-b0e0-f1f1870d8f1c,2ef2d793-4fe4-4947-a476-828ccfad19ad,Cavalcade,2021,1
4afbef0a-05ee-4551-b0e0-f1f1870d8f1c,d9ca78a8-e6d1-442c-bad1-4e5f26542111,Hellfire,2022,1
4b2d6a23-034d-4a29-9bb9-d2462796da4e,db7f0de0-fa5d-4983-ad9b-1bb651d99dd3,The Tourist,2017,0
4b2d6a23-034d-4a29-9bb9-d2462796da4e,daa8ea21-8e31-4af2-85c1-c4af455c770b,New Fragility,2021,0
4b356f05-bcc2-4544-925b-fd9a1bf708be,c5b39f08-78b8-41cd-a5c6-3ddfe0cd406a,Lux Prima,2019,1
4b356f05-bcc2-4544-925b-fd9a1bf708be,3d4b56c0-0abf-4bea-a12e-99def53e306f,Cheat Codes,2022,1
4ba8a084-2772-400f-9738-6736895c965d,dc5482e8-24e5-4f23-b982-3070060f22ae,God’s Country,2022,0
4ba8a084-2772-400f-9738-6736895c965d,9d4c2553-042b-40d4-9c33-fd25820e3a40,Cool World,2024,1
4ba8a084-2772-400f-9738-6736895c965d,cfd97998-da93-48e7-a4b3-b5e99d99184c,Blood at Night,2025,0
4ba8a084-2772-400f-9738-6736895c965d,fb1df03b-b041-41f3-836c-c47598e683f2,Blood at Night II,2025,0
4ba8a084-2772-400f-9738-6736895c965d,b975d2ae-0c18-4820-a558-52b15f8fb6b1,In the Earth Again,2025,0
4bf89e02-6c30-4603-9f6a-52619b1bea1a,8358a47f-b6d6-42e0-bdd2-2a47f952c535,Christmas Funk,2018,0
4bf89e02-6c30-4603-9f6a-52619b1bea1a,abd3fcf5-2556-4c49-a2c7-e3ebeec48c1f,All Love Everything,2020,0
4bf89e02-6c30-4603-9f6a-52619b1bea1a,78ef0d1a-8432-49b9-a209-676893705ea9,Stand Together,2025,0
4bfce038-b1a0-4bc4-abe1-b679ab900f03,c3b68cf7-811c-46c9-9469-929b6aadedae,Marble Skies,2018,0
4bfce038-b1a0-4bc4-abe1-b679ab900f03,590b2c0f-1a80-4e6f-9c7e-e5388620620b,Glowing in the Dark,2021,0
4bfce038-b1a0-4bc4-abe1-b679ab900f03,c6949589-4f8d-4d2c-8427-28fb8b78bfa7,Off Planet,2023,0
4c501a41-5f23-41c9-a36a-5b86e894e08d,29a887b3-3547-448c-ac81-a75dbe3c7f19,Foxes in the Snow,2025,1
4c671d5a-7027-4398-8055-03e61d1a3967,8f5a3b53-18ec-4efd-837f-1f3ea4930a84,Offering,2017,0
4c671d5a-7027-4398-8055-03e61d1a3967,d6b2ee19-cf7c-4314-87b5-14215aedf48e,Motels LP,2018,0
4c671d5a-7027-4398-8055-03e61d1a3967,f3e21981-4ea3-4c8a-afe6-f9f52ba408ea,Host,2020,0
4c671d5a-7027-4398-8055-03e61d1a3967,103a96c9-0b8a-4ba6-9d85-21cfa51519c4,To the Ghosts,2024,0
4c74fc48-8108-4556-87af-154af74f2ce5,7b662b2b-c393-4c21-b7a8-a4b7bc689c58,Future Me Hates Me,2018,1
4c74fc48-8108-4556-87af-154af74f2ce5,7855f930-f049-401a-a432-d49aa32d115b,Jump Rope Gazers,2020,1
4c74fc48-8108-4556-87af-154af74f2ce5,5efba732-477d-4dbd-9389-db7441ddf233,Expert in a Dying Field,2022,1
4c74fc48-8108-4556-87af-154af74f2ce5,f24f6952-1b4d-4042-b7ca-cb836a514ae9,Straight Line Was a Lie,2025,1
4d802853-4a6e-47d6-b574-11f8e5b0c53e,22a3b7ca-f725-4b02-9947-fcf23af7d5ee,Can't Hate Myself Into a Different Shape,2022,0
4d802853-4a6e-47d6-b574-11f8e5b0c53e,19a1dc04-ab1f-4137-9547-390d2db667df,RATKING,2024,1
4dbe08c1-b40a-43b3-ab89-210000bd8ab2,09dec61b-ae0d-4a91-b61d-f1d74ea16ccd,Truth Is a Beautiful Thing,2017,0
4dbe08c1-b40a-43b3-ab89-210000bd8ab2,b290e941-2908-4ef2-9815-63f084f041a6,Californian Soil,2021,0
4dbe08c1-b40a-43b3-ab89-210000bd8ab2,d0d1a279-9b5d-4935-b8b7-df886ddd6eaa,The Greatest Love,2024,0
4dc4935e-1d04-41f0-99aa-ec449b8c5fc7,4291cb75-4ec6-41ad-8b76-ef214e00a36c,"I, Gemini",2016,0
4dc4935e-1d04-41f0-99aa-ec449b8c5fc7,5c2f70bf-800a-4155-9075-94f7366dedba,I’m All Ears,2018,1
4dc4935e-1d04-41f0-99aa-ec449b8c5fc7,58db597a-3d9d-4f0e-9a4a-2f77725a1e92,Two Ribbons,2022,0
4de30660-26a8-4390-af6f-8fc0564e7e61,4ed53ca1-d55d-450d-9fd3-33fad2248660,Taste,2016,0
4de30660-26a8-4390-af6f-8fc0564e7e61,e7cb0d4b-e5b4-4376-9647-1fc534a89bd3,Should I Remain Here At Sea?,2016,0
4de30660-26a8-4390-af6f-8fc0564e7e61,69e38318-3669-4ae7-bf59-6a0dd130bcff,Islomania,2021,0
4de30660-26a8-4390-af6f-8fc0564e7e61,a032ebd0-3ba9-45d8-ba65-719eafb771db,And That’s Why Dolphins Lost Their Legs,2023,0
4de30660-26a8-4390-af6f-8fc0564e7e61,243a2028-6043-44d0-8d52-9a24819ef9ea,What Occurs,2024,0
4e045c96-538b-46ed-8ea8-7cae20b56574,1a56d0e3-5d4a-4d9c-8ce2-b922579ec5cd,In Miracle Land,2016,0
4e442c83-b547-4d6e-9270-cdd35e3c3195,9401e881-dbea-438f-956a-b9b0acd8eb99,The Other,2018,0
4e442c83-b547-4d6e-9270-cdd35e3c3195,9a5451f1-afcd-4936-bbaf-6096c8202558,Smalltown Stardust,2023,0
4ecf50fc-b788-4d67-9972-ff6e1aed5295,0be2c90e-9ea3-4c9f-80c8-bdaf24968336,"If You See Me, Say Yes",2016,0
4ecf50fc-b788-4d67-9972-ff6e1aed5295,bbe37e61-38a5-4812-89f4-ee8305a6dee9,Head of Roses,2021,1
4ecf50fc-b788-4d67-9972-ff6e1aed5295,a2d8e86a-40ed-41a3-ba27-d5680e8679c9,Head of Roses: Phantom Limb,2022,0
4ecf50fc-b788-4d67-9972-ff6e1aed5295,ac4346dc-d9fd-4c8d-9f8f-0d4ff8b1cd15,The Life You Save,2025,0
4eeea7eb-7554-48cb-9e50-c26d434ed9ef,31e2c201-6167-4eb6-8432-c83c533425ce,Who Let the Dogs Out,2025,1
4f0ca99b-0ab2-4861-b8ac-e6dadabff23e,f182ae4c-7830-4b1c-85e9-ec39b340afa4,Hey Marseilles,2016,0
4f416ed7-dda2-45de-a6f1-b986e861cf4b,81e15c6b-4b23-4d7e-a013-e7508b2e4483,Double Dream of Spring,2018,0
4f416ed7-dda2-45de-a6f1-b986e861cf4b,0581d71c-db37-4b5d-9c9e-e11ceb9a22fa,Why Hasn’t Everything Already Disappeared?,2019,1
4f52595e-652d-4894-95ea-f925234629fc,9eccb4ff-4e54-4d18-a95d-89e6a3048552,Him,2017,0
4f52595e-652d-4894-95ea-f925234629fc,24956414-e585-4c2d-a6d8-a5fb4b265d9b,MJ Lenderman,2019,0
4f52595e-652d-4894-95ea-f925234629fc,fbc410f3-b9fb-42b1-96fa-3f1adfa95470,Ghost of Your Guitar Solo,2021,0
4f52595e-652d-4894-95ea-f925234629fc,eb7b84a5-72e2-49f2-8c0a-a852c79bbb8d,Boat Songs,2022,0
4f52595e-652d-4894-95ea-f925234629fc,0c308741-7b98-4a36-b44e-1ba437b4e2c4,Manning Fireworks,2024,1
4fbf1a3d-a649-4f8e-9ddf-347f6ba2d307,7f645971-775b-4e53-9fcc-790228a9bc0b,Twerp Verse,2018,0
4fbf1a3d-a649-4f8e-9ddf-347f6ba2d307,b2638335-2d2d-4399-9671-b89dd2fa5524,Rabbit Rabbit,2023,0
503f5f52-0cfc-4f7a-b9c4-f3fc79479a34,a3fd2da0-f4d3-45d2-b49c-b34a13443976,Dreaming Lucid,2019,0
503f5f52-0cfc-4f7a-b9c4-f3fc79479a34,23dd64ea-b123-4574-95ca-7322de7dc512,Garden of Lucid,2020,0
50d1da2e-d70d-46cc-8d65-21e524802c49,bf93b54c-7243-4d7d-b3e0-fd4929279fa9,Chaos for the Fly,2023,1
51b13502-903f-4c6c-b0a2-9cccfbfea9b1,ed595fa3-a952-41ee-a197-620a768ccf17,Witness,2017,0
51b13502-903f-4c6c-b0a2-9cccfbfea9b1,d5758b2e-22ee-4bd8-b1ab-0536db797eee,LOWER,2025,0
51c76d97-0635-433c-b26d-66beb81657f8,8bdcb59d-6dd8-4489-a9de-601af56ff8f7,Vide noir,2018,1
51c76d97-0635-433c-b26d-66beb81657f8,86832b46-99be-44fd-afcd-4b3ad327c0ec,Long Lost,2021,1
51c76d97-0635-433c-b26d-66beb81657f8,e82507a6-8864-4fe4-b7c6-caeb81e88a4d,The Cosmic Selector Vol. 1,2025,1
51f33514-92ec-470d-b373-2f05be28e1a0,4ede64bf-a3d1-4a8f-8b5f-d906f130e371,Zone,2017,0
52074ba6-e495-4ef3-9bb4-0703888a9f68,7a2b865d-0e23-45de-bf08-f0fcbd364883,Everything Now,2017,1
52074ba6-e495-4ef3-9bb4-0703888a9f68,3491b3c7-47ff-49fc-ab71-c654f66401e7,WE,2022,0
52074ba6-e495-4ef3-9bb4-0703888a9f68,08c61147-ec81-48e2-b91a-333de26d1ce8,Pink Elephant,2025,0
527c65d1-9fdb-4482-8796-dde2980bd63a,2fda0cd0-db31-4448-81f6-4979b5192077,Broken Politics,2018,1
527c65d1-9fdb-4482-8796-dde2980bd63a,fd10384e-e9a1-4c30-a937-727012ea8fa3,The Versions,2022,0
52f34f97-084d-4cb2-94c6-aa384041e022,8161d8ba-0fb5-48fb-b4fb-bee1ece37633,Awake in the Brain Chamber,2020,0
52f34f97-084d-4cb2-94c6-aa384041e022,4d365853-4b1c-45df-b7a9-48ac5bca83e1,"The Moth, the Lizard, and the Secret Machines",2023,0
5315c1a1-3667-488c-bbe4-f231e336b69a,80f0ff33-dfaf-4913-addd-153dd2957a57,Don’t Look Down,2016,0
5315c1a1-3667-488c-bbe4-f231e336b69a,0359275a-cbe9-4786-9f42-a8a17faff6ae,Don’t Look Down (Instrumentals),2016,0
5315c1a1-3667-488c-bbe4-f231e336b69a,f4b37744-44e1-4bf5-b078-847d6c383a05,The Life & Death of Scenery,2016,0
5315c1a1-3667-488c-bbe4-f231e336b69a,9ef0722d-5372-4549-985d-3fa6be958053,Resilient,2017,0
5315c1a1-3667-488c-bbe4-f231e336b69a,ef88405f-1916-43bf-9ceb-0602dfae5680,Vangarde,2020,0
5334edc0-5faf-4ca5-b1df-000de3e1f752,53dd291e-372f-4f76-844b-1b5b42df6832,MASSEDUCTION,2017,1
5334edc0-5faf-4ca5-b1df-000de3e1f752,57d00bbd-bbec-440d-9e93-7ae6798dd630,Daddy’s Home,2021,1
5334edc0-5faf-4ca5-b1df-000de3e1f752,9eae5bc4-4c1c-4a6c-9aeb-145eb02f2a03,All Born Screaming,2024,1
5334edc0-5faf-4ca5-b1df-000de3e1f752,ae296c90-75b1-4371-9cf5-f3087b7bfc67,Todos Nacen Gritando,2024,0
5396d542-5270-4bbf-bd25-4ab0208d0541,10784c68-fc54-4a0c-96df-29157ae6005d,Snocaps,2025,1
5422ef5d-00d4-4c7a-81ab-03cb8fc3cc45,1cda298d-bffd-40e5-b4b7-a5fc35a3e5a1,Bright Green Field,2021,1
5422ef5d-00d4-4c7a-81ab-03cb8fc3cc45,a27c4dbb-b617-4fd9-81ff-c2f704463324,O Monolith,2023,1
5422ef5d-00d4-4c7a-81ab-03cb8fc3cc45,a86d3224-03dc-450d-8770-f5d259b9635d,Cowards,2025,0
5441c29d-3602-4898-b1a1-b77fa23b8e50,1fd18f5b-9a92-41fd-a590-da6b5cc60d85,★,2016,1
5504a16a-5106-442f-8082-06ef87d3bdfb,06be9b83-6279-4446-861c-0fb806b37a28,Lifted,2018,0
5504a16a-5106-442f-8082-06ef87d3bdfb,6de15391-5764-4fd1-9f21-aa87b74b14c6,Across The Water: Live In Europe,2019,0
5504a16a-5106-442f-8082-06ef87d3bdfb,432f64cd-a4de-4acf-ac3e-3cda896b5aee,Topaz,2021,0
5504a16a-5106-442f-8082-06ef87d3bdfb,62b0b731-318b-4516-9b08-4b866fa9ea8c,Ozarker,2023,0
55111838-f001-494a-a1b5-9d818db85810,5bf52a8c-71cf-4af2-87bd-6e84efad8ef0,Lotta Sea Lice,2017,1
55111838-f001-494a-a1b5-9d818db85810,b061cb70-1d31-4d5f-91cb-378c3a22f9dd,Tell Me How You Really Feel,2018,1
55111838-f001-494a-a1b5-9d818db85810,0492f324-cd37-4295-a52c-d02e35753f1b,"Things Take Time, Take Time",2021,1
551946bc-e6db-4d69-b50a-4f3cfb29963f,a957ab67-4d3f-4f97-8c33-9bce9d2434f9,Caldera,2017,1
551946bc-e6db-4d69-b50a-4f3cfb29963f,363ae7f2-2df1-427c-b82a-d89e3b28e849,Man From the Future,2020,1
551946bc-e6db-4d69-b50a-4f3cfb29963f,3e5a5189-839f-4747-bdeb-3bae2d1ee314,Stu's Picks Volume 1,2021,0
551946bc-e6db-4d69-b50a-4f3cfb29963f,5094f05a-19b0-4e2b-bf97-15026fb020cd,Filter System,2023,1
551946bc-e6db-4d69-b50a-4f3cfb29963f,80383af3-63e7-412d-b5fb-108384d03665,Life from Below,2025,0
55821c25-bd47-4f67-baf8-17ccd2cf1c86,18fb069a-e621-4066-82fe-23b2ea6f3e0e,Snares Like a Haircut,2018,0
55821c25-bd47-4f67-baf8-17ccd2cf1c86,9c7ad9c5-9d9c-443d-9b0c-df08fe94bb2d,Goons Be Gone,2020,0
55821c25-bd47-4f67-baf8-17ccd2cf1c86,000acd22-f3c2-444b-bf4e-4922407c8b6e,People Helping People,2022,0
55c963e3-6b37-4887-ab08-f3f15f0a22c4,f3508184-c6c4-4e20-b64a-44c49558d3b5,Naz,2018,0
55c963e3-6b37-4887-ab08-f3f15f0a22c4,d0e687fe-8426-457d-85ba-608edae85413,Zan,2020,0
55c963e3-6b37-4887-ab08-f3f15f0a22c4,63a66a26-4e90-4989-9502-71b618655f0e,Roya,2022,0
57843aed-c1c1-4f45-9859-478dd999bc18,c9ffb2b2-acb0-4e0d-bfa3-957088870270,SVIIB,2016,0
5805761c-fa24-40e5-bb79-295a64195bf7,284d0ea7-65d7-407f-8d1f-d4c0d15f387b,Sunset in the Deep End,2020,0
584c04d2-4acc-491b-8a0a-e63133f4bfc4,4d49427b-f9d9-46f6-9922-5e9499433880,Cool It Down,2022,1
59a7fbcb-ff74-494d-abd0-9c82359040c9,3c04d855-7213-48e6-bead-f617c779f0d0,Painted Ruins,2017,1
5a2e9cd3-010a-4aae-9f83-629253284202,62cc7255-7e38-4214-badc-ce418a805414,Remind Me Tomorrow,2019,1
5a2e9cd3-010a-4aae-9f83-629253284202,61219950-ea7f-4d85-8c8c-fabafcdb7394,We’ve Been Going About This All Wrong,2022,1
5a2e9cd3-010a-4aae-9f83-629253284202,cdd03b77-429e-4fa4-82e2-452c82257e31,Sharon Van Etten & The Attachment Theory,2025,1
5a8e07d5-d932-4484-a7f7-e700793a9c94,6f46d5e4-1e46-4480-b120-d04b37145f7f,Honey,2018,1
5ab8835e-ac44-4055-9c11-7878199606b5,705d572e-155f-475f-b20f-31ad03797a5d,Best Kids,2018,0
5ab8835e-ac44-4055-9c11-7878199606b5,e5bc5aa8-9f72-4906-bf5a-4dc49c09232b,Always Tomorrow,2020,1
5adcb9d9-5ea2-428d-af46-ef626966e106,ce47cc06-2f12-4599-8069-3019cd4ed54f,"Symphony no. 3, op. 36 ""Symphony of Sorrowful Songs""",2019,0
5adcb9d9-5ea2-428d-af46-ef626966e106,eaa72e4a-0e22-471f-bc92-97fd5d93d7d3,Lives Outgrown,2024,1
5aeb21a3-4606-4a0d-8369-50c768d1e99a,e5b2c331-0dad-4c1c-b253-52278983bb4f,There Is No Love in Fluorescent Light,2017,0
5aeb21a3-4606-4a0d-8369-50c768d1e99a,e4ce7a0f-a1c4-4022-9ac9-4138c4f80993,From Capelton Hill,2022,1
5b32946a-4c08-4a75-b1b1-60700470671f,2c8aaf6d-f556-440a-988d-55f1e5566423,Transmission,2016,0
5b32946a-4c08-4a75-b1b1-60700470671f,242a7470-4234-46ce-bb18-c227de4c8aeb,Death Mask,2025,0
5b6ebfe0-f72b-4902-bba9-74c8af0f1af0,c1125856-5eaa-4e76-9f63-2fd1f72281a6,"I like it when you sleep, for you are so beautiful yet so unaware of it",2016,0
5b6ebfe0-f72b-4902-bba9-74c8af0f1af0,d8b9555e-9dc4-4e5c-b5b6-18a6bb7fbe03,A Brief Inquiry Into Online Relationships,2018,0
5b6ebfe0-f72b-4902-bba9-74c8af0f1af0,bd5961c8-21e3-40c5-8084-c225c20fa082,Notes on a Conditional Form,2020,0
5b6ebfe0-f72b-4902-bba9-74c8af0f1af0,1273cb92-8775-404b-bc1b-4381a8c6a5b1,Being Funny in a Foreign Language,2022,1
5b933654-f58b-438c-8652-90567e5495a1,00e94980-1f45-4b5f-8bf4-bee59938a97a,Every Now & Then,2016,1
5da8d9b1-af89-43a3-a519-8e32ec21e7f5,840ba235-7f6c-4d20-819b-b07fa38eb844,Durand Jones & the Indications,2016,0
5da8d9b1-af89-43a3-a519-8e32ec21e7f5,37002b7f-ac22-4be9-8871-3b905183dd60,American Love Call,2019,0
5da8d9b1-af89-43a3-a519-8e32ec21e7f5,055a1a06-044c-4cd8-8d9b-05e80bea2b55,Private Space,2021,1
5da8d9b1-af89-43a3-a519-8e32ec21e7f5,ef7063f4-5f5c-49ea-a1b8-24a4b5d66351,Flowers,2025,0
5dfdbd4d-339e-46e2-b7a5-b487af114025,3428f010-be54-442c-9a1c-e32b44248e3f,Manatee Commune,2016,1
5dfdbd4d-339e-46e2-b7a5-b487af114025,87390ae4-535e-4e54-aede-6b2f153f7c85,PDA,2019,0
5dfdbd4d-339e-46e2-b7a5-b487af114025,094c8f63-6b4e-41da-ad36-ccea966dda3b,Simultaneity,2024,0
5e372a49-5672-4fb8-ba14-18c90780c4f9,242a4265-9d26-4cac-8af6-a01cf8faf8d3,The Thread That Keeps Us,2018,0
5e372a49-5672-4fb8-ba14-18c90780c4f9,fb59c066-7187-4a8c-a866-2b34b10bc98d,Years to Burn,2019,1
5e372a49-5672-4fb8-ba14-18c90780c4f9,29b5d04d-042b-4b03-96e8-b41e239d4dae,Seasonal Shift,2020,0
5e372a49-5672-4fb8-ba14-18c90780c4f9,64fe1449-d815-4f84-96f0-3b23acaf0de9,El mirador,2022,0
5eaf11c4-12bf-4545-929b-76f2e03ca208,53380d5c-a02f-402b-834e-e9965c03b839,The Cedars,2019,0
5eaf11c4-12bf-4545-929b-76f2e03ca208,c621d231-211d-4743-abd1-30c5a0f77c8e,Dollar Hits,2020,0
5eaf11c4-12bf-4545-929b-76f2e03ca208,1d4aabeb-cacd-4881-8164-e7e8a15f5b9d,d E A T h ~ b U g,2022,0
5eaf11c4-12bf-4545-929b-76f2e03ca208,eb1dbeba-c45a-4fcc-8dcc-9b99d4723366,Released Under Creative Commons Zero,2022,0
5eaf11c4-12bf-4545-929b-76f2e03ca208,5cd55bca-d9e5-41ac-94a1-d2915ae54357,CRYSTALS 3.0,2023,0
5f572b31-8fd9-45ae-9beb-358c98d839df,2e663263-6c51-4254-8b89-feffa37d4ce5,Distortland,2016,0
5f572b31-8fd9-45ae-9beb-358c98d839df,db72a293-1271-48e8-91d5-c7e608bb16ef,Why You So Crazy,2019,0
5f572b31-8fd9-45ae-9beb-358c98d839df,1f286deb-1a0c-42d3-ae90-4ac471cf869c,Tafelmuzik Means More When You're Alone,2020,0
5f572b31-8fd9-45ae-9beb-358c98d839df,ea48130a-2cb4-4f54-a4e5-b4f24b884410,Rockmaker,2024,0
5f95440d-7737-4a36-9bcf-c05337f7129b,68bfb717-2c94-4a67-957a-0727604fc1f2,Imperial,2016,0
5f95440d-7737-4a36-9bcf-c05337f7129b,34dc9a45-487f-4ea7-8b39-3e8ad825c314,TA13OO,2018,0
5f95440d-7737-4a36-9bcf-c05337f7129b,03961b3f-23aa-4331-91dc-5598a3f3b0e6,ZUU,2019,0
5f95440d-7737-4a36-9bcf-c05337f7129b,f655e919-c8e6-4c15-b7e1-a5c2e8b5b232,13LOOD 1N + 13LOOD OUT MIXX,2020,0
5f95440d-7737-4a36-9bcf-c05337f7129b,69e8d03c-4714-43cc-abee-482818250818,UNLOCKED,2020,0
5f95440d-7737-4a36-9bcf-c05337f7129b,299a1b9f-7cdd-46da-a5ea-77571ce04009,Melt My Eyez See Your Future,2022,1
5f95440d-7737-4a36-9bcf-c05337f7129b,f4e3c9f6-7ae4-4a8b-a11c-be9fd2e5c3f2,"King of the Mischievous South, Vol. 2",2024,0
5fee3020-513b-48c2-b1f7-4681b01db0c6,d3263546-8b78-473d-8f2c-ad40bcaaa246,High as Hope,2018,1
5fee3020-513b-48c2-b1f7-4681b01db0c6,bcdc25a0-7c27-4a77-80fa-f5feb8f49733,Dance Fever,2022,1
5fee3020-513b-48c2-b1f7-4681b01db0c6,54f918d0-b4c9-4f9b-ab38-e73d4f2b1a3d,Everybody Scream,2025,1
6069d86f-ca46-48a5-bb34-77d21f6e3d0a,191cc667-6c1b-45e2-9fcc-19cffca89d90,Guppy,2017,1
6069d86f-ca46-48a5-bb34-77d21f6e3d0a,17b968bd-25ed-4df1-a301-936f3b4ce3bb,Young Enough,2019,1
6069d86f-ca46-48a5-bb34-77d21f6e3d0a,13f5434b-7670-451a-abc6-1cd4d2e70d51,Forever,2024,0
610404f9-26bd-4be2-8697-f916495f14a4,8b14cffb-744e-47a0-9c26-8a2f99507677,Traces of You,2025,0
613260c3-d620-4645-94cd-33cd55f29b1e,668c63cc-0ecf-4cf3-992d-53bfa5eea457,Full Circle,2016,0
613260c3-d620-4645-94cd-33cd55f29b1e,5ea4baaa-5c2f-4207-8402-baf03d9ab627,White Christmas Blue,2016,0
613260c3-d620-4645-94cd-33cd55f29b1e,493c5abf-5897-4f41-946d-2172b6aa1a40,Wouldn’t It Be Great,2018,0
613260c3-d620-4645-94cd-33cd55f29b1e,88d7ab92-206c-460e-84a3-f5181e488c10,Still Woman Enough,2021,0
615ba4a9-e5d2-45dc-bf75-a1b444a33fc9,c626970d-e340-473f-8031-1f1ce9ee08f5,Leave Me Alone,2016,0
615ba4a9-e5d2-45dc-bf75-a1b444a33fc9,66e73ef1-e75b-491c-a03a-eff2cc2dd96f,I Don’t Run,2018,0
615ba4a9-e5d2-45dc-bf75-a1b444a33fc9,14c681ab-fb7c-4cce-842a-2358a6f06ba5,The Prettiest Curse,2020,0
615ba4a9-e5d2-45dc-bf75-a1b444a33fc9,991d934a-7d99-4064-9199-33800b8b83cc,Viva Hinds,2024,1
61604b45-8a91-4e33-a1b6-45d7b1fec4e5,f19377ec-ab88-4bd7-a617-8fb10b8a60e0,ken,2017,0
61604b45-8a91-4e33-a1b6-45d7b1fec4e5,431f17be-5991-4730-b01f-b2b2c47ecd56,Have We Met,2020,1
61604b45-8a91-4e33-a1b6-45d7b1fec4e5,be0be4fa-52d4-4cb8-b22e-6acbe0b60990,Labyrinthitis,2022,0
61604b45-8a91-4e33-a1b6-45d7b1fec4e5,b9ec0b77-20ee-4e59-ac4d-77d4b5c6c785,Dan’s Boogie,2025,1
61653550-fd9b-4401-8248-44f2d064d384,7a26d855-40ad-4a0b-8278-782f5b2be113,What a Time to Be Alive,2018,0
61653550-fd9b-4401-8248-44f2d064d384,14ed7a0f-55f7-4ddd-a623-e987d8a0f161,Acoustic Foolish,2019,0
61653550-fd9b-4401-8248-44f2d064d384,1cf36498-7259-4075-9af6-90f180b43fab,Wild Loneliness,2022,0
61653550-fd9b-4401-8248-44f2d064d384,59bdde88-b38f-45ca-bcf7-4b5b139a0e5b,Songs in the Key of Yikes,2025,0
62d364d2-550b-420e-b918-b3bd1e4a2efc,f7df8939-e3ba-4ec7-a434-4bbc16110360,Into the Blue,2022,0
630662ea-1c7d-4208-99fd-ba3afec20f0c,fe5d514d-ead5-4e54-b838-cf2948973490,Fear in a Handful of Dust,2019,0
630662ea-1c7d-4208-99fd-ba3afec20f0c,6cf03839-8082-4056-88a1-1e7b01a54c35,Long Stories,2019,0
630662ea-1c7d-4208-99fd-ba3afec20f0c,1df8fd84-7d3c-49ad-88a6-8ca23bf51825,How Do You Live,2021,0
632258cb-4ab5-4f2d-be29-bcc641a275eb,726088d8-342d-49fc-ad5c-2f545b842a25,Smiling with No Teeth,2021,0
632258cb-4ab5-4f2d-be29-bcc641a275eb,4373c919-cd6e-4f68-87c4-c209d4c783c2,Missing Molars,2021,0
632258cb-4ab5-4f2d-be29-bcc641a275eb,6563575a-43a0-4119-8078-b403230a5b72,STRUGGLER,2023,1
63287966-6021-474a-ba76-edc37a5f1b7c,3424f6d5-abf4-4f23-8508-739d6574795c,Together at Last,2017,0
63287966-6021-474a-ba76-edc37a5f1b7c,1e4ac652-47f7-4e66-aa29-23f60721226a,Warmer,2018,0
63287966-6021-474a-ba76-edc37a5f1b7c,7430225c-dfdb-45a7-97b2-88a356c2ae39,WARM,2018,0
63287966-6021-474a-ba76-edc37a5f1b7c,cd89aed2-9c7b-4154-96e2-17a88b1ef095,Love Is the King,2020,1
63287966-6021-474a-ba76-edc37a5f1b7c,ad8aa827-01fb-4d2e-bc74-c8ace754ed1c,Twilight Override,2025,1
634fe78e-fc6b-4b2a-ba83-c8c66e13a8aa,562478c3-d15f-4f4f-8d23-a7aaa94a1422,Orange Crate Instrumentals,2020,0
634fe78e-fc6b-4b2a-ba83-c8c66e13a8aa,f76a7b5a-7700-414b-a40e-c0281f0d5d8b,At My Piano,2021,0
63aa26c3-d59b-4da4-84ac-716b54f1ef4d,c6fc678e-e987-45c5-811c-e2bd09c8b902,The Slow Rush,2020,1
63aa26c3-d59b-4da4-84ac-716b54f1ef4d,3ee3e2bb-2584-4f74-ba06-cdecc370a1ba,Deadbeat,2025,1
6462c4f6-6f69-4636-a835-02eebe81c90f,2c824c04-f95a-4342-9995-2e47803cb593,Quazarz vs. The Jealous Machines,2017,0
6462c4f6-6f69-4636-a835-02eebe81c90f,51f7966c-cadc-4291-8fe1-f30f1dbfb316,Quazarz: Born on a Gangster Star,2017,1
6462c4f6-6f69-4636-a835-02eebe81c90f,037f5951-3f52-43ed-a95a-5965a4ec651e,The Don of Diamond Dreams,2020,1
6462c4f6-6f69-4636-a835-02eebe81c90f,8fe379fe-f664-42de-9b84-193cc49df0d4,Robed in Rareness,2023,1
6462c4f6-6f69-4636-a835-02eebe81c90f,c52c2dcd-9b8a-4367-9453-c50a44c2b251,The Floss Vibes of Shabazz Vol. 2: Exotic Birds of Prey,2024,0
64a0c404-58af-4083-8fc6-a6725ef02ecb,f6a18ee9-f1e5-4933-bdd8-58546fbc76f3,Apocalipstick,2017,1
64a0c404-58af-4083-8fc6-a6725ef02ecb,7f0dd17d-aa6c-4277-83ad-fc7333876848,Stuffed & Ready,2019,1
64a0c404-58af-4083-8fc6-a6725ef02ecb,f6c25a67-00f3-4192-af43-fbca52c4c035,I Don’t Want You Anymore,2023,1
64d62f45-e001-40a1-a055-c3545fcc14de,c09f541d-8e03-4ea3-a50a-441b56e2becd,Interview Music,2019,0
64d62f45-e001-40a1-a055-c3545fcc14de,ac5b9478-b890-4008-b3c1-dd2b41238ff3,Idlewild,2025,0
64dad611-8ada-4696-ac5f-ecb8bf73d51b,c073c18a-94a3-4600-bd4b-b5103b0c8526,Prism,2022,0
64dad611-8ada-4696-ac5f-ecb8bf73d51b,844cf4cc-bcde-492b-9615-65d7b0029f3d,Silver,2023,1
64dad611-8ada-4696-ac5f-ecb8bf73d51b,4ca9091b-f7e1-45a0-ab9a-07dd97bc27d8,Cut & Rewind,2025,1
65041e06-83d2-4987-ae52-c17a915fc82a,bd913f09-b4bd-4d2f-a5ad-2c2d01419e23,And Nothing Hurt,2018,1
65041e06-83d2-4987-ae52-c17a915fc82a,a80a3d7b-be5f-482f-b8ce-7c74bf4690da,Everything Was Beautiful,2022,0
65314b12-0e08-43fa-ba33-baaa7b874c15,99599db8-0e36-4a93-b0e8-350e9d7502a9,You Want It Darker,2016,1
65314b12-0e08-43fa-ba33-baaa7b874c15,54d8e12b-a37a-4071-9c46-b7ca25aff9f8,Thanks for the Dance,2019,0
655b3e5b-09e4-45dd-941c-6fa3fc12521b,636e0aa5-7467-4b1f-93c9-fc2be3c4dbc9,More Rain,2016,0
655b3e5b-09e4-45dd-941c-6fa3fc12521b,f6c51bcd-1f50-46da-af36-9e47d45bccce,What a Wonderful Industry,2018,0
655b3e5b-09e4-45dd-941c-6fa3fc12521b,b6419e1c-66f5-4a4e-a3f1-d2c246eae8f7,Migration Stories,2020,0
655b3e5b-09e4-45dd-941c-6fa3fc12521b,64cd2113-5817-4e2b-adab-6344d5bae2ba,Think of Spring,2020,0
655b3e5b-09e4-45dd-941c-6fa3fc12521b,9484701a-dd3b-4e10-8fca-0d700279240d,supernatural thing,2023,0
65e668e9-9cd1-4809-b7e7-26439732e1eb,0b901245-6a23-4f7d-b5dc-ed036f83f1bb,Hope Downs,2018,1
65e668e9-9cd1-4809-b7e7-26439732e1eb,38938c47-cd26-402d-b83a-80eff1ce7492,Sideways to New Italy,2020,0
65e668e9-9cd1-4809-b7e7-26439732e1eb,dff28dc6-fed3-485a-9a5d-8ee936deebcf,Endless Rooms,2022,0
664c3e0e-42d8-48c1-b209-1efca19c0325,8018fc24-6a55-45b0-8b34-19650522550a,Sleep Well Beast,2017,1
664c3e0e-42d8-48c1-b209-1efca19c0325,ed8d7c1d-10aa-4b9a-9e86-2ad12be38a83,I Am Easy to Find,2019,1
664c3e0e-42d8-48c1-b209-1efca19c0325,33ad1a8e-9877-430d-9fae-524ad5f7999a,First Two Pages of Frankenstein,2023,1
664c3e0e-42d8-48c1-b209-1efca19c0325,d24630a6-850c-415f-afc1-2fc51ad59d7c,Laugh Track,2023,1
667e856e-f3a7-42e9-8244-95422ef31321,2ac7fcc2-149e-4156-ab68-daa7e2468142,All Nerve,2018,1
66932740-f510-4bc6-b4d0-160bb1f4c723,2c28e593-75eb-43be-a9d1-ff4f4ae60d53,Wildflower Blues,2017,0
66932740-f510-4bc6-b4d0-160bb1f4c723,1344c702-bc6f-487b-940b-ecd60b01d3a4,Haunted Mountain,2023,0
6709fc2d-a52b-4ceb-8b28-367444b07d22,09dfbfb8-5cae-45b6-bada-497f0d264d40,Это всё совсем не то,2018,0
6709fc2d-a52b-4ceb-8b28-367444b07d22,8c1aa7c5-c6d3-4ab5-acf7-1deee5ed1bd5,II,2019,0
6709fc2d-a52b-4ceb-8b28-367444b07d22,3dcde15d-692b-4387-a176-0519de5fed81,Force Of The Wind,2022,0
6709fc2d-a52b-4ceb-8b28-367444b07d22,bc839974-9036-4240-9397-f8efcd1aad04,Force of the Wind / Сила ветра,2022,0
6709fc2d-a52b-4ceb-8b28-367444b07d22,9ad3d012-b88e-4b62-bdea-58927d41c62b,Krok,2025,1
6738d800-5160-4959-b78a-ae12c5dba3d0,cb7171df-0e00-4146-91b3-5fce2b15e60e,Requiem,2016,0
6738d800-5160-4959-b78a-ae12c5dba3d0,3fd2c3a0-13f5-41ba-abbd-bdf261f8ba52,Oh Death,2022,0
6738d800-5160-4959-b78a-ae12c5dba3d0,9517cf86-55c8-42cf-9ee7-9d469de0cfd0,Medicine,2023,0
6738d800-5160-4959-b78a-ae12c5dba3d0,cb134247-bcfd-43c1-86aa-6cbca0191e50,Goat,2024,1
6757d72a-3ac9-4ccb-b69b-39f691477180,99ed379f-9bfc-42a1-97d9-7344b9123585,Big Red Machine,2018,0
6757d72a-3ac9-4ccb-b69b-39f691477180,ec0d1513-6db9-4c11-a9b3-4dd5b51b5f73,How Long Do You Think It’s Gonna Last?,2021,1
6758601f-6d57-491e-a125-037f382a5ddd,63d2b59c-5ecd-482f-8637-516abe2b3aaf,Afflatus,2021,0
6758601f-6d57-491e-a125-037f382a5ddd,e695fd62-b202-4679-a544-de4a2aed268f,Salvage Enterprise,2023,0
6779d22e-cc33-40a9-acf4-cbe4b2fdfae1,5ba4bd46-36a2-4cee-bde9-36a4dd009574,Faded Paradise,2018,0
6779d22e-cc33-40a9-acf4-cbe4b2fdfae1,483a9a3e-fc31-4ff0-ac61-b8c11b7cfdc0,Hidden Memories,2020,0
6779d22e-cc33-40a9-acf4-cbe4b2fdfae1,b0997891-f992-4819-a42f-9a2690ddaa50,Modern Life,2023,0
677e31f1-4035-463c-8ca4-41175440c919,5413753c-9404-4cb7-af0c-f3957a91487d,Preacher’s Daughter,2022,1
677e31f1-4035-463c-8ca4-41175440c919,b812527c-30ac-4f38-82ce-85b971727248,"Willoughby Tucker, I’ll Always Love You",2025,0
67f66c07-6e61-4026-ade5-7e782fad3a5d,e0335c44-58cd-433c-86d3-e114b14b7111,Concrete and Gold,2017,0
67f66c07-6e61-4026-ade5-7e782fad3a5d,b7a4aa10-8e23-43ab-84fb-a0664d99f507,Medicine at Midnight,2021,0
67f66c07-6e61-4026-ade5-7e782fad3a5d,b6b43afb-06a7-4e5f-b6f7-abfc97bad6d1,Hail Satin,2021,0
67f66c07-6e61-4026-ade5-7e782fad3a5d,b8b9df75-b781-4363-9ec1-2520a4445a09,But Here We Are,2023,0
68025033-de1b-42f5-8a21-bedfb8895dda,262a846c-bc72-41f2-bb29-3848ff39714a,Echo Mine,2020,0
68025033-de1b-42f5-8a21-bedfb8895dda,66b3a80d-47b2-4341-bdc4-245077342dbd,villagers,2023,1
68025033-de1b-42f5-8a21-bedfb8895dda,977be4a0-ef6f-4313-af40-8ca092a68767,The Villager’s Companion,2025,0
6805e4d5-f550-40fe-b731-05dc8229e74b,f3f9294f-bc21-4b25-b421-d2486d131f42,VOL4 ꞉꞉ SLAVES OF FEAR,2019,0
6805e4d5-f550-40fe-b731-05dc8229e74b,a8e5323c-e1f7-4ab4-b3f4-9b4b5ec1edca,DISCO4 :: PART I,2020,0
6805e4d5-f550-40fe-b731-05dc8229e74b,e40813cc-e3e6-4490-af76-f6870c5aabf4,DISCO4 :: PART II,2022,0
6805e4d5-f550-40fe-b731-05dc8229e74b,471c994f-c499-4aa9-bc13-ea8f3fd2a7c5,RAT WARS,2023,0
6805e4d5-f550-40fe-b731-05dc8229e74b,19cdea2d-9fa3-4e7d-8aac-b255330a26b3,CONFLICT DLC,2025,0
6821bf3f-5d5b-4b0f-8fa4-79d2ab2d9219,bf41dab1-2920-4e61-aad7-69d2a42d24bc,Sit Down for Dinner,2023,1
6824d820-be15-421f-acd1-f3353ddd2c57,02fccd60-61dd-41d3-8c64-4a5c575a396b,Bite Down,2025,1
68c261d5-48c8-4ea9-9466-9fc908dc79bb,fda72ebb-16e5-4a19-8be5-8e41906e3c86,Mercurial World,2021,0
68c261d5-48c8-4ea9-9466-9fc908dc79bb,9c710cb4-6b20-47d7-a31a-5adb064c6c6b,Imaginal Disk,2024,1
6910222b-74c2-48fc-8c13-a6b88cc28fc0,1228cabf-443f-487c-97ad-e8a5e67b48d4,Almost Free,2019,0
6910222b-74c2-48fc-8c13-a6b88cc28fc0,2328a69b-8df8-4162-b4cb-f0e2fda3677a,SURVIVING THE DREAM,2024,0
69ac44f7-c80d-47b4-9bc8-fcc758d209e6,476241c2-a06b-4c97-9e5e-7b989a8a518f,The Weather,2017,0
69ac44f7-c80d-47b4-9bc8-fcc758d209e6,c177279f-2345-4168-bfe0-62b51e485c87,Tasmania,2019,0
69ac44f7-c80d-47b4-9bc8-fcc758d209e6,0728a757-bbb3-42fc-9f71-ad7d225db43e,9,2021,0
69ac44f7-c80d-47b4-9bc8-fcc758d209e6,b702c0fb-2012-4e0c-a1b9-161093381520,Stung!,2024,1
69b39eab-6577-46a4-a9f5-817839092033,4650cf9a-73c9-41ee-824c-26d1f217337c,For Crying Out Loud,2017,0
69b39eab-6577-46a4-a9f5-817839092033,84caf02e-adcb-422a-ba28-7b0ab2e20755,The Alchemist’s Euphoria,2022,0
69b39eab-6577-46a4-a9f5-817839092033,1ec6775b-4aa2-407d-9899-0a79e8b360fa,Happenings,2024,0
69cc36eb-d88c-4f54-bea2-7b59e0d6374f,2f759309-9482-4dab-bd18-60ad394de45a,Rasco,2021,0
69cc36eb-d88c-4f54-bea2-7b59e0d6374f,b28be767-4763-4520-b4f4-a24210fc3b5b,Dmaot,2024,1
69ce32a2-dbb1-42c2-98fc-2fbf896ef861,55ab77ca-b015-4235-8a7e-5ce44c5e83d5,For Their Love,2020,0
69ce32a2-dbb1-42c2-98fc-2fbf896ef861,5aaafe77-9f41-4f7f-afef-f4e6354d10ec,Volume V,2025,0
69d9c5ba-7bba-4cb7-ab32-8ccc48ad4f97,3b13fa4c-36b8-46b5-bfa1-b9345491565b,Crush,2019,0
69d9c5ba-7bba-4cb7-ab32-8ccc48ad4f97,970f689d-1778-4953-b3ed-48d057625724,Promises,2020,1
69d9c5ba-7bba-4cb7-ab32-8ccc48ad4f97,70410894-5005-4fac-a254-c82912a069cc,Cascade,2024,0
69d9dfd7-19b7-4a75-8a53-9f733fb5d774,6ee2c096-526b-4c39-a939-8a38dea54d58,Good Thing,2018,1
69d9dfd7-19b7-4a75-8a53-9f733fb5d774,23e43de4-5382-444b-a6ec-aa8cfb7701bd,Gold‐Diggers Sound,2021,1
69d9dfd7-19b7-4a75-8a53-9f733fb5d774,e10184a1-7777-40d1-b4e9-1f394f8e41a7,Leon,2024,1
69e2d47d-b16e-4a20-b954-921ec13e92c8,dcafe7ad-8c9e-44aa-a393-8d30a6c4dbc0,The Man Who Made Himself a Name,2017,1
69ee3720-a7cb-4402-b48d-a02c366f2bcf,97650540-f489-40e1-957c-6fd67baa739d,Songs of a Lost World,2024,1
6a65d878-fcd0-42cf-aff9-ca1d636a8bcc,ebbf6f7c-a843-4de9-96b7-5081dce485c7,"Everything Not Saved Will Be Lost, Part 1",2019,1
6a65d878-fcd0-42cf-aff9-ca1d636a8bcc,3661b7c1-4675-4185-b59e-4c4a7e5c7669,"Everything Not Saved Will Be Lost, Part 2",2019,1
6a65d878-fcd0-42cf-aff9-ca1d636a8bcc,659d06b9-726b-4cda-9741-8d87d53b05fc,Life Is Yours,2022,1
6a93afbb-257f-4166-b389-9f2a1e5c5df8,d4ae1ef3-2694-4cf9-be55-730818b60ba9,Love Is Dead,2018,1
6a93afbb-257f-4166-b389-9f2a1e5c5df8,3c6bde65-dacd-4eb7-96e8-2db869b61b99,Screen Violence,2021,1
6aa55ee1-4c46-4f7c-9a6d-5051dfe2c06d,f59d540b-c40b-4c8e-ac48-2dacb2b64d27,Delusions of Grand Fur,2016,0
6aa55ee1-4c46-4f7c-9a6d-5051dfe2c06d,d4fe344f-40b9-45ce-9019-f0d882e68677,Cover Me,2016,0
6abbad28-95fc-484e-ae86-9c86c44f6bf4,8f8be484-654c-4d0f-8bb7-c1ca7cd47831,Swear I’m Good at This,2017,1
6abbad28-95fc-484e-ae86-9c86c44f6bf4,044077b0-0e7e-4a7c-b49d-99fad11ce6f0,Do You Wonder About Me?,2020,0
6b44cb91-8fdb-4e87-a1e4-cd0726efdc2b,767669d5-b5a4-448b-8792-5982f00c71b4,Lightlessness Is Nothing New,2018,0
6b82c839-ea15-4d3b-96f1-d1be924e9cb7,8a7706e4-ef89-4a74-8ef6-80e55a1c39b5,I Had a Dream That You Were Mine,2016,1
6b82c839-ea15-4d3b-96f1-d1be924e9cb7,8bb93abe-7dc2-416e-8169-0b8eb2fa5a60,The Loves of Your Life,2020,0
6b82c839-ea15-4d3b-96f1-d1be924e9cb7,bcb6f9b1-b4c3-43ee-afca-e9f48d66f4c1,This Side of the Island,2025,0
6bbb3983-ce8a-4971-96e0-7cae73268fc4,6cac3a96-2661-4d2b-a253-bef16a559616,For Ever,2018,1
6bbb3983-ce8a-4971-96e0-7cae73268fc4,7cb74cf3-7e87-4822-835a-2d2bbdf7f558,Loving in Stereo,2021,1
6bbb3983-ce8a-4971-96e0-7cae73268fc4,07bd527b-afe9-405b-bc92-0766cb280d05,Volcano,2023,1
6bd920ac-3b7c-47e0-8f0f-c390f63f5112,ecf50db6-6c26-4014-9096-625307fde597,Dead Magic,2018,0
6bd920ac-3b7c-47e0-8f0f-c390f63f5112,3d3be33e-c456-4f02-a938-819988aa36ab,All Thoughts Fly,2020,0
6bd920ac-3b7c-47e0-8f0f-c390f63f5112,0a1c27b4-7490-42d9-9cd0-ed65ec47ed9a,Iconoclasts,2025,1
6c85f4c3-026c-4c16-9a7c-f546f42ed0fb,1b66125e-e941-4a47-ad73-8a922f338893,Please Be Honest,2016,0
6c85f4c3-026c-4c16-9a7c-f546f42ed0fb,f133da00-535d-42e3-9021-109bcbca308a,August By Cake,2017,0
6c85f4c3-026c-4c16-9a7c-f546f42ed0fb,947ec277-8862-48a7-821d-cd3f55ec0c4f,How Do You Spell Heaven,2017,0
6c85f4c3-026c-4c16-9a7c-f546f42ed0fb,f6dfb1da-ba30-40fd-81e2-76353da5dcf1,Space Gun,2018,0
6c85f4c3-026c-4c16-9a7c-f546f42ed0fb,601fd344-83b8-487f-86b1-0f4f0b162930,Zeppelin Over China,2019,0
6c85f4c3-026c-4c16-9a7c-f546f42ed0fb,f23d3a1f-0c14-49ef-904b-3b69bdba188e,Warp and Woof,2019,0
6c85f4c3-026c-4c16-9a7c-f546f42ed0fb,3d72c9f9-9fdb-431a-898e-3fc4688bca0a,Sweating the Plague,2019,0
6c85f4c3-026c-4c16-9a7c-f546f42ed0fb,739640ff-77a0-4ae0-a6ca-454c3f00da2e,Surrender Your Poppy Field,2020,0
6c85f4c3-026c-4c16-9a7c-f546f42ed0fb,1dd9e814-49a9-4258-bd51-ea7b3d461d0c,Mirrored Aztec,2020,0
6c85f4c3-026c-4c16-9a7c-f546f42ed0fb,fe5412ec-5f7c-4aa3-bfc8-3854ad72b6ae,Styles We Paid For,2020,0
6c85f4c3-026c-4c16-9a7c-f546f42ed0fb,625b1629-50e6-4fd8-b94d-8027d9f56d44,Earth Man Blues,2021,0
6c85f4c3-026c-4c16-9a7c-f546f42ed0fb,2a5fcf5d-73ea-4b00-b7d3-f525d2c733a3,It’s Not Them. It Couldn’t Be Them. It Is Them!,2021,0
6c85f4c3-026c-4c16-9a7c-f546f42ed0fb,0a7948c5-bb12-4af2-b853-5777854ebe68,Crystal Nuns Cathedral,2022,0
6c85f4c3-026c-4c16-9a7c-f546f42ed0fb,6af862b6-d3fc-482f-ae3a-aa2c6ef1c185,Tremblers and Goggles by Rank,2022,0
6c85f4c3-026c-4c16-9a7c-f546f42ed0fb,11451043-6736-4c1c-a787-6f136acd6b2f,La La Land,2023,0
6c85f4c3-026c-4c16-9a7c-f546f42ed0fb,847dcab7-f419-40dd-8d5d-21c25c253017,Welshpool Frillies,2023,0
6c85f4c3-026c-4c16-9a7c-f546f42ed0fb,7656e548-72f5-4f6a-984a-8df007c916fe,Nowhere to Go but Up,2023,0
6c85f4c3-026c-4c16-9a7c-f546f42ed0fb,6038ca67-9189-4dd4-9570-10e5afbff96f,Strut of Kings,2024,0
6c85f4c3-026c-4c16-9a7c-f546f42ed0fb,4fd61711-86b6-4d86-8c70-8f8b972a7d5f,Universe Room,2025,0
6c85f4c3-026c-4c16-9a7c-f546f42ed0fb,5c14340e-58fd-493d-ac45-0f2100be2c33,Thick Rich and Delicious,2025,0
6c8b9855-ba8b-48f9-ac1d-42167f7f7b18,a18f9089-0e21-41c0-8039-f85a81abab19,Heartworms,2017,1
6c8b9855-ba8b-48f9-ac1d-42167f7f7b18,80bfd483-7a4b-43ef-83c5-119b09008874,The Worms Heart,2018,0
6caf09f5-2f01-4f76-bcc7-6207930c56c6,e1086f4a-db0c-43b0-a609-ad9053996db9,As Days Get Dark,2021,0
6caf09f5-2f01-4f76-bcc7-6207930c56c6,9f340c3b-c44c-4ca2-8f3e-b7d10809a0c9,I’m totally fine with it 👍 don’t give a fuck anymore 👍,2024,0
6cbe1e63-5895-4168-ac7e-f0d2836ba0c1,1d7c5c04-0f49-4515-9d9e-bf3ec247fe77,Look Alive,2019,0
6cbe1e63-5895-4168-ac7e-f0d2836ba0c1,f269cb96-bb56-47e5-bdf6-b2b873445b61,Ooh La La,2024,0
6ce5eca0-4ad6-49e0-a5ab-e11482d85324,24d64f7e-3840-4345-9d64-826914a66afa,Athena,2019,0
6ce5eca0-4ad6-49e0-a5ab-e11482d85324,b7cf92f5-a814-4e4c-9906-97a2af67f357,Natural Brown Prom Queen,2022,1
6ce5eca0-4ad6-49e0-a5ab-e11482d85324,f9e98ca4-0311-4f33-961f-f41154271ef0,THE BPM,2025,1
6d5c33ee-5357-4eee-8420-e50aec54982b,79f91898-4faa-49e5-8c3d-f1f5e09b77dc,Losing,2017,1
6d5c33ee-5357-4eee-8420-e50aec54982b,02c8b0c2-8683-4232-99e4-50cfb322bd4b,SUGAREGG,2020,1
6d5c33ee-5357-4eee-8420-e50aec54982b,14a5b68c-ce61-43ff-bbaa-6cb0f901c3bb,Lucky for You,2023,1
6d7b7cd4-254b-4c25-83f6-dd20f98ceacd,b17c34e8-0f3a-4c85-9592-106b203ac09b,Junk,2016,1
6d7b7cd4-254b-4c25-83f6-dd20f98ceacd,08f2cc79-3817-44c5-a3bd-7b901588ed81,DSVII,2019,0
6d7b7cd4-254b-4c25-83f6-dd20f98ceacd,f9f36abd-2bb7-4586-b422-26ae2287eb4a,Fantasy,2023,1
6dc9bc09-a0c7-40f9-b491-f90845927533,9325a9ab-1f2f-477b-8c8c-5a585c797f0f,Yr Body Is Nothing,2016,0
6dc9bc09-a0c7-40f9-b491-f90845927533,473c1534-3bf9-4ca3-b22f-1845e8ec4263,Careful,2019,0
6e0c7c0e-cba5-4c2c-a652-38f71ef5785d,516db5d2-c243-419a-a550-97222c0656ad,No Shame,2018,0
6e0c7c0e-cba5-4c2c-a652-38f71ef5785d,e0a7dcaa-3d5c-49a0-bd7e-42e2c89dd43e,West End Girl,2025,1
6e0d1400-a880-4b2c-8305-e9b985a4549c,a1f23820-4b17-4a1e-a090-316e3060d1b2,Kids in the Street,2017,0
6e0d1400-a880-4b2c-8305-e9b985a4549c,8dba9fe1-0a78-4493-bf37-32d3d2e22631,The Saint of Lost Causes,2019,0
6e0d1400-a880-4b2c-8305-e9b985a4549c,1abd601b-e95e-4f36-ba9f-c1bf18d6f1d4,ALL IN: Unreleased & Rarities (The New West Years),2024,0
6e8e3717-a62d-4a3f-886d-6a4e82507930,c618e580-91fe-4706-9456-59ace7ea19b4,Best Of The Lo Fi Lounge,2021,0
6e8e3717-a62d-4a3f-886d-6a4e82507930,9700de59-1397-4375-ba4b-058e094e5f7a,Collapsed in Sunbeams,2021,1
6e8e3717-a62d-4a3f-886d-6a4e82507930,0deb2b89-fa86-4700-932f-e130925351a4,My Soft Machine,2023,1
6ed40778-8d03-4a5c-ad35-93cf814627c9,51052da9-f94c-45de-92d8-d998310929be,Glasshouse,2017,0
6ed40778-8d03-4a5c-ad35-93cf814627c9,38d0e2a3-06a0-4c2e-ac5d-faf1b2d7e563,What’s Your Pleasure?,2020,1
6ed40778-8d03-4a5c-ad35-93cf814627c9,cebbae42-8612-4c33-9d1c-ac1319794ec4,That! Feels Good!,2023,1
6f607087-9c46-4bb2-a884-e4efc764554c,db65a580-a119-45ab-8981-ffe7b5360733,None of Us Are Getting Out of This Life Alive,2020,0
6f607087-9c46-4bb2-a884-e4efc764554c,0d27f4d8-ff24-4c0c-af1b-c4fe7894f320,The Darker the Shadow the Brighter the Light,2023,0
6fc531d2-9a47-496b-b4b5-01e2b17fe99d,83fa81b6-fbeb-4356-b41b-cdfbc3aac7d6,Zango,2023,1
6fc531d2-9a47-496b-b4b5-01e2b17fe99d,34207b06-5cc0-4c4c-8cee-8ea91784786e,SOGOLO,2025,0
6ffb8ea9-2370-44d8-b678-e9237bbd347b,0cd14270-9999-4c8b-ac84-06a52cad5c64,WALLS,2016,0
6ffb8ea9-2370-44d8-b678-e9237bbd347b,4486d356-5ad2-43ec-b9f0-c571eafde4f3,When You See Yourself,2021,0
6ffb8ea9-2370-44d8-b678-e9237bbd347b,c1dda0f2-ddac-49ca-883a-327d0299f2d3,Can We Please Have Fun,2024,0
70248960-cb53-4ea4-943a-edb18f7d336f,c0ae827c-bb5b-4c98-ab3a-1d9573c110ac,Western Stars,2019,0
70248960-cb53-4ea4-943a-edb18f7d336f,48e335f3-8e4a-4e38-b2df-e1514b9f9126,Letter to You,2020,1
70248960-cb53-4ea4-943a-edb18f7d336f,d6c1b942-edc7-4bca-bd34-6c43760272af,"Only the Strong Survive: Covers, Vol. 1",2022,0
707622da-475f-48e1-905d-248718df6521,e698e39d-2503-46ec-8d3d-70e7e2dfe6ac,"Going, Going…",2016,0
707622da-475f-48e1-905d-248718df6521,4a45805c-ce36-4520-9dd1-72744cb19155,George Best 30,2017,0
707622da-475f-48e1-905d-248718df6521,4a80e3f6-13b1-4f6d-9490-53880630f16f,Tommy 30,2019,0
707622da-475f-48e1-905d-248718df6521,e0a0f4dd-dd08-4c8c-9cbe-b0dd6b842f92,Not From Where I’m Standing,2020,0
707622da-475f-48e1-905d-248718df6521,2e814f37-f169-42ba-80ac-583ac4aaefce,Locked Down and Stripped Back,2021,0
707622da-475f-48e1-905d-248718df6521,dda74dcc-cba3-4f80-b464-1b322cc0819a,"Locked Down and Stripped Back, Volume 2",2022,0
71a94ed8-03cc-459a-bd35-a081ca88a402,efedfaf7-c8d9-4c52-b9b7-7d311022985f,Dirty Projectors,2017,0
71a94ed8-03cc-459a-bd35-a081ca88a402,2e4747fc-d869-4f7e-92cf-ec8b8f494635,Lamp Lit Prose,2018,0
71a94ed8-03cc-459a-bd35-a081ca88a402,9e267089-b3a3-40f8-bd62-94516787e969,Song of the Earth,2025,0
72042f4e-7652-4bf4-8846-d4981b760f67,dbe6e23e-b710-4815-89e8-43825be3f9d2,Neverending,2017,0
72042f4e-7652-4bf4-8846-d4981b760f67,a661c41e-2b86-4de4-bbb6-b24330094a04,Muted Crowd,2018,0
72042f4e-7652-4bf4-8846-d4981b760f67,b9737353-9019-42b4-b642-3a1ddd5ed21b,Lunatic House,2021,0
72042f4e-7652-4bf4-8846-d4981b760f67,468d6ffe-aae3-46aa-b972-a1016350a87f,The Fear,2023,1
72c536dc-7137-4477-a521-567eeb840fa8,3e9553c6-786a-4f85-8a2a-1b70cd166742,Fallen Angels,2016,0
72c536dc-7137-4477-a521-567eeb840fa8,f490ca6a-ff96-4132-b235-71640f51d9d0,Triplicate,2017,0
72c536dc-7137-4477-a521-567eeb840fa8,43b12592-d808-44de-a5df-ebd7c6b2b75c,Rough and Rowdy Ways,2020,1
735e3514-a8ae-401f-af3b-6300df1b8d2c,7c5f33ba-24b3-4c19-af74-2565421af891,The Cover Mix: Caribou,2020,0
735e3514-a8ae-401f-af3b-6300df1b8d2c,975b39ae-77fa-4b6e-b1fc-e981b4c62f1c,Suddenly,2020,1
735e3514-a8ae-401f-af3b-6300df1b8d2c,224850e8-6a9d-4351-8401-1ec2d3585219,Honey,2024,1
739da2f1-0741-4c60-a6ed-f42d49bf2eb1,d763b8bf-7760-4c19-9dc0-c279c40db155,C’est la vie,2018,1
739da2f1-0741-4c60-a6ed-f42d49bf2eb1,68b2e293-3868-4ecd-8e5b-df80276e3736,The Full Moon Project,2022,0
739da2f1-0741-4c60-a6ed-f42d49bf2eb1,1324068d-848c-4773-8782-97de9a6e1472,Revelator,2024,0
74963434-dcb6-4b14-98cc-99873b06db66,3a2976c4-e944-467f-9b2b-a2d1a5d2639b,The Far Field,2017,1
74963434-dcb6-4b14-98cc-99873b06db66,a72b7c49-18f4-4770-993d-983ed1275eca,As Long as You Are,2020,1
74963434-dcb6-4b14-98cc-99873b06db66,931c6c36-eb72-4519-a91e-57a2779d8d22,People Who Aren’t There Anymore,2024,1
74a30f2a-dae6-4e99-8a75-cb0f93b31aa6,ba49bf78-e414-4b22-aec7-81d456d49daf,Mister Mellow,2017,0
74a30f2a-dae6-4e99-8a75-cb0f93b31aa6,52fca5ae-3bfc-404b-8eda-37b2b6f7513b,Purple Noon,2020,1
74a30f2a-dae6-4e99-8a75-cb0f93b31aa6,91dd3500-6a24-4c1c-8b31-e76ca4840610,Notes From a Quiet Life,2024,1
74ca2f03-18e4-4ec1-9537-3cfefbcfd4ec,61902a06-fdf2-4060-b41d-e6c04655a6c8,Full Circle,2016,0
74ca2f03-18e4-4ec1-9537-3cfefbcfd4ec,92b1edfb-5c13-4867-a1a9-9a18de4e712d,Empty Skies / Deep State,2019,0
74ca2f03-18e4-4ec1-9537-3cfefbcfd4ec,1db281cd-5798-48dd-a321-a5279afb3159,Any Random Kindness,2019,1
75167b8b-44e4-407b-9d35-effe87b223cf,d45f18c5-249d-490b-83ce-efabd0f8f650,Peace Trail,2016,0
75167b8b-44e4-407b-9d35-effe87b223cf,0ac81b52-8ed5-4d97-8731-cb328878d60e,Hitchhiker,2017,1
75167b8b-44e4-407b-9d35-effe87b223cf,a122d799-ec7d-4c36-a593-c7c6f9a4ab6b,The Visitor,2017,0
75167b8b-44e4-407b-9d35-effe87b223cf,2925051b-6052-4ac7-ac64-465a1e5173ed,Colorado,2019,0
75167b8b-44e4-407b-9d35-effe87b223cf,de8c4624-9d37-416b-b87c-7711bd6c1743,Homegrown,2020,1
75167b8b-44e4-407b-9d35-effe87b223cf,f1c2f62b-60e5-4273-8365-1bf16bc61664,Barn,2021,0
75167b8b-44e4-407b-9d35-effe87b223cf,578229d1-dae6-4766-bee0-667719528789,Summer Songs,2021,0
75167b8b-44e4-407b-9d35-effe87b223cf,6ec783cd-e2ac-4bc3-87a1-517fd9b943db,Toast,2022,0
75167b8b-44e4-407b-9d35-effe87b223cf,d6482158-f345-42ef-a37c-553c0db8b95d,World Record,2022,0
75167b8b-44e4-407b-9d35-effe87b223cf,7a32914a-9cae-4875-97f7-8bab73e66873,All Roads Lead Home,2023,0
75167b8b-44e4-407b-9d35-effe87b223cf,0c66f1a6-edb1-42f3-b222-9b230a2ae518,Dume,2024,0
75167b8b-44e4-407b-9d35-effe87b223cf,307f6655-57db-430b-b8ce-35bead8b732c,Early Daze,2024,0
75167b8b-44e4-407b-9d35-effe87b223cf,006fa681-d0d6-438f-b433-d397863ce61d,Oceanside Countryside,2024,0
75167b8b-44e4-407b-9d35-effe87b223cf,9ac8cc05-e699-4e5e-892a-e30191981fd5,Talkin to the Trees,2025,0
753a1564-aaef-4d39-bc68-4a8d5e328cf7,9fb5ac13-bfdb-40ed-b46d-6af85577a64c,iii,2016,1
754294d5-d7d2-4ea2-8184-1dcaaf55a56f,16297acb-896e-48e4-8390-f9ca95c4f0d9,IV,2016,1
754294d5-d7d2-4ea2-8184-1dcaaf55a56f,441eca34-2e70-4ecb-8b07-da009aa1680f,Talk Memory,2021,1
754294d5-d7d2-4ea2-8184-1dcaaf55a56f,0c626b1d-6d9d-4d91-afba-beceae0b615e,Mid Spiral,2024,0
75bbdfdb-2fc5-4811-8ef7-25ec23f246e1,2312aa41-885e-42bb-872d-e6edfc870e23,Chinese American Bear,2022,0
75bbdfdb-2fc5-4811-8ef7-25ec23f246e1,8de1f7e2-8dbb-41f0-a557-b6f372848744,Wah!!!,2024,1
763cb144-afdb-471e-bd86-d4f5b9b58641,566373d2-1ab3-431b-9448-510b6c7f9001,abysskiss,2018,0
763cb144-afdb-471e-bd86-d4f5b9b58641,5ff627e4-b8a0-43af-8ee2-4d84adf4541f,songs,2020,1
763cb144-afdb-471e-bd86-d4f5b9b58641,d15533d6-2ee7-4574-9f7c-ff792e75f0dc,instrumentals,2020,0
763cb144-afdb-471e-bd86-d4f5b9b58641,60db66ba-34f8-4a1d-b91a-67e85cfcb269,Bright Future,2024,1
763cf642-45ad-42ed-a1c3-e977eaa3b260,75118d70-aae4-47d8-89f1-df97a5113780,You’re Welcome,2017,0
763cf642-45ad-42ed-a1c3-e977eaa3b260,8315e3dd-5a4b-4dc9-84f7-9fc222ab91b8,Hideaway,2021,0
763cf642-45ad-42ed-a1c3-e977eaa3b260,b0c3caa9-a583-4ebb-baa4-60bbbb5d24b9,Babes,2023,0
763cf642-45ad-42ed-a1c3-e977eaa3b260,226b38ef-20f7-432e-9651-56f8db737054,Spun,2025,0
76a91880-2242-4c2a-8982-d56fb1ee686d,45afbf13-6c7e-4530-9ee9-0072dd90f104,Mother of My Children,2017,1
76a91880-2242-4c2a-8982-d56fb1ee686d,b9d24eff-6382-47a2-8844-4d1d27383e5c,At the Party With My Brown Friends,2019,1
76a91880-2242-4c2a-8982-d56fb1ee686d,2c95b991-6a13-4a01-8013-b62e132da4fc,"The Land, the Water, the Sky",2023,1
76b2e842-5e85-4c97-ab62-d5bc315595b5,4a71079c-4145-4466-a52f-6e3dd1318ecb,More.,2025,1
76eca232-2e52-4a21-b6cf-50b403026d00,b392537f-ec79-457b-b287-b5c170c52b58,Bona Fide,2022,0
76eca232-2e52-4a21-b6cf-50b403026d00,38945988-d3f4-41c1-9d35-e6002cedfae7,Somebody's Gotta Do It,2022,0
7739f53a-f809-48a3-942a-fbea493f0a17,e38be074-420f-449a-8e85-928314631bae,Tropix,2016,0
7739f53a-f809-48a3-942a-fbea493f0a17,64ac0a59-a040-4b45-a004-b631c7b2b8a4,Apká!,2019,0
7739f53a-f809-48a3-942a-fbea493f0a17,681ef35f-41f2-4ee8-9c8f-e84cd6fda394,Um Gosto de Sol,2021,0
7739f53a-f809-48a3-942a-fbea493f0a17,b7a2602e-3ef7-4526-94b5-5796b9d4dd72,Novela,2024,1
7754905b-8bf7-48e2-935a-03d566fec464,b634f7d5-6ff5-4612-bb1a-c400b642e529,III,2016,0
7754905b-8bf7-48e2-935a-03d566fec464,c80fdf81-c9a5-4a38-a470-70b5df432b8f,III (Bonus Tracks & Remixes),2016,0
7754905b-8bf7-48e2-935a-03d566fec464,fe108f91-6e3e-41a3-bd38-0c46561f3ed9,III (Instrumentals),2016,0
7754905b-8bf7-48e2-935a-03d566fec464,7b403aba-6595-4070-b9cb-cb92127280a2,A new Error,2020,0
7754905b-8bf7-48e2-935a-03d566fec464,c2763eff-9170-46ad-8155-1d3cb74db13b,MORE D4TA,2022,0
77c167d2-4965-4421-830a-9815e4956475,22008771-d61c-4d37-9672-e5c0d1194547,Give a Glimpse of What Yer Not,2016,1
77c167d2-4965-4421-830a-9815e4956475,0c1df9c2-b00d-43ce-981a-305dbb594e67,Sweep It Into Space,2021,1
78bde001-49b0-42d1-b62b-32c47e0ce36b,b0836818-c46d-4b15-919b-36f622a0eda9,Stay Proud of Me,2022,0
78bde001-49b0-42d1-b62b-32c47e0ce36b,99423b29-403f-4c12-9984-72a13affcab1,When Are You Leaving?,2025,1
78e46ae5-9bfd-433b-be3f-19e993d67ecc,065c2e9e-5c2d-4385-9379-1d06d7a91f94,Take All My Loves: 9 Shakespeare Sonnets,2016,0
78e46ae5-9bfd-433b-be3f-19e993d67ecc,096a1771-6aea-45ff-8fbf-a228ffe29081,Unfollow the Rules,2020,0
78e46ae5-9bfd-433b-be3f-19e993d67ecc,22492362-45eb-4e09-bcc0-c16044fb023e,Folkocracy,2023,0
78e46ae5-9bfd-433b-be3f-19e993d67ecc,31e6dea5-6f18-4754-8d16-4577129ac764,Dream Requiem,2025,0
78e46ae5-9bfd-433b-be3f-19e993d67ecc,b90e18ee-0a9e-4a3c-8d51-2b1e499dece8,I'm a Stranger Here Myself – Wainwright Does Weill,2025,0
78e854b8-9713-4ff2-9218-6b3784893bff,847a8456-f742-4894-8fdb-5911afc65e9c,Big Fish Theory,2017,1
78e854b8-9713-4ff2-9218-6b3784893bff,b211b91a-a7ec-42f8-ae46-2618e774ab18,FM!,2018,0
78e854b8-9713-4ff2-9218-6b3784893bff,f658cb95-710e-47fd-924f-fab7d9584088,Vince Staples,2021,0
78e854b8-9713-4ff2-9218-6b3784893bff,61cf202e-1c44-4090-a089-6be530096739,RAMONA PARK BROKE MY HEART,2022,0
78e854b8-9713-4ff2-9218-6b3784893bff,ca6d37f2-b478-4317-b529-8f0ac0e351a9,Dark Times,2024,0
78f797e3-4913-4026-aad0-1cd858bd735b,11e3ccd7-a9a3-4798-ab3a-6115b023e116,"Down in the Weeds, Where the World Once Was",2020,1
78f797e3-4913-4026-aad0-1cd858bd735b,1d896b7a-8969-4460-a6d0-af83ed24df66,"Five Dice, All Threes",2024,0
79255a50-40df-447f-9612-2cf669080196,3ccc80cb-5f0d-4b64-ab99-752f4f9be25f,2016 Atomized,2017,0
79255a50-40df-447f-9612-2cf669080196,367cf70d-859a-4b95-bdd4-a22e55751ff4,Sing…,2024,0
79255a50-40df-447f-9612-2cf669080196,0528a6bf-d328-4658-af32-75318636173f,Peʻahi II,2025,0
7a2533c3-790e-4828-9b30-ca5467c609c5,b89d90f9-25f6-42e3-ac8c-054edb8229b2,Let Them Eat Chaos,2016,1
7a2533c3-790e-4828-9b30-ca5467c609c5,696f2388-f520-4e50-bcc6-9c58dcfd879c,The Book of Traps and Lessons,2019,1
7a2533c3-790e-4828-9b30-ca5467c609c5,31311835-e230-489c-bc1c-0b3fd087f96d,The Line Is a Curve,2022,1
7a2533c3-790e-4828-9b30-ca5467c609c5,44a76587-46e5-4f7e-9c81-c72888430394,Self Titled,2025,0
7a3809ff-b299-441b-a963-1c7bd635db78,d6dd7b04-4b98-44b1-bc22-0bbf0d977b96,The Party,2016,0
7a3809ff-b299-441b-a963-1c7bd635db78,b3757361-bee3-43f1-9457-20fd866fa784,The Neon Skyline,2020,1
7a3809ff-b299-441b-a963-1c7bd635db78,e335db44-3cbf-4d82-b2e7-95238d1b057d,Wilds,2021,0
7a3809ff-b299-441b-a963-1c7bd635db78,69f23696-ea48-4b37-9984-c889b2a028b6,Norm,2023,0
7b0a63b2-b8e8-490e-b724-1d30cb5edfe3,8354770d-8fe0-419c-b43a-0d5e84131e03,Epic Jammers and Fortunate Little Ditties,2016,0
7b0a63b2-b8e8-490e-b724-1d30cb5edfe3,0cf04471-6dcb-44fe-9931-0d03836585a1,Best Troubador,2017,0
7b0a63b2-b8e8-490e-b724-1d30cb5edfe3,6b1d8246-6975-4d0a-88a1-6280f0bf0b01,Wolf of the Cosmos,2017,0
7b0a63b2-b8e8-490e-b724-1d30cb5edfe3,7f472163-617f-4922-a923-7a59f64afefb,When We Are Inhuman,2019,0
7b0a63b2-b8e8-490e-b724-1d30cb5edfe3,65e94535-9940-48da-a095-fde99c256acc,I Made a Place,2019,0
7b0a63b2-b8e8-490e-b724-1d30cb5edfe3,771caaf6-545a-4aeb-b8bf-8b347f04b81f,Hello Sorrow - Hello Joy,2020,0
7b0a63b2-b8e8-490e-b724-1d30cb5edfe3,992c64cb-577c-4f9a-b2cc-1df900db6c70,Superwolves,2021,0
7b0a63b2-b8e8-490e-b724-1d30cb5edfe3,148ec7ad-85bb-46f3-81fc-65310c1998e7,Blind Date Party,2021,0
7b0a63b2-b8e8-490e-b724-1d30cb5edfe3,0c263694-bc29-4b13-9853-bf65df71c42a,High And High And Mighty Parts 1 & 2,2022,0
7b0a63b2-b8e8-490e-b724-1d30cb5edfe3,8e7fceab-09cc-4ec7-a0e5-60327cc3a58f,Keeping Secrets Will Destroy You,2023,0
7b0a63b2-b8e8-490e-b724-1d30cb5edfe3,a6ec3c65-d09e-4ad7-a62b-ee98b4d13513,Hear the Children Sing the Evidence,2024,0
7b0a63b2-b8e8-490e-b724-1d30cb5edfe3,15cd39a5-6e6a-4d55-a2d7-dabaa431efe2,The Purple Bird,2025,0
7b1cf87e-c54f-4abc-893d-90245a31900d,a7b9aee2-4192-4a54-b4f0-041efd00517b,Live SXSW 1999,2016,0
7b1cf87e-c54f-4abc-893d-90245a31900d,a42d97c3-1923-40f3-83cc-07ffa91b5a78,Bobbie Gentry’s the Delta Sweete Revisited,2019,0
7b1cf87e-c54f-4abc-893d-90245a31900d,b22c526f-958a-4b3a-b0f1-a8fec4ab4129,Born Horses,2024,0
7b6baeda-94ec-4475-9b09-6486a36c8e40,d1c2db2a-e952-41c3-8d6c-61f72da7a91b,DECADE,2018,0
7b6baeda-94ec-4475-9b09-6486a36c8e40,98b409c7-d938-4fa6-8ea0-6f0d0f5945af,Momentum,2020,0
7b6baeda-94ec-4475-9b09-6486a36c8e40,771608d8-84da-4b50-b32a-1e37fae7802a,"Scacco al maestro, Volume II",2022,0
7b6baeda-94ec-4475-9b09-6486a36c8e40,44c7faed-4314-4efa-ada5-4fa3e639bfa2,Scacco al maestro,2022,0
7b6baeda-94ec-4475-9b09-6486a36c8e40,b4f3edb4-aac4-4348-8951-039d2eb9c274,Nouvelles Aventures,2023,1
7b6baeda-94ec-4475-9b09-6486a36c8e40,8c73b5c2-3f23-4cbe-933b-bcad41847b56,Exploration,2025,0
7b748dac-f5ce-45a7-9b95-c1d8b5b013ed,6ecd6824-433e-481a-8974-df5619fedf33,Time & Space,2018,0
7b748dac-f5ce-45a7-9b95-c1d8b5b013ed,0f06bec9-22c7-4f7d-8784-5e902096246b,GLOW ON,2021,1
7b748dac-f5ce-45a7-9b95-c1d8b5b013ed,58310aac-65aa-492e-83fb-ec50c58e5a1d,NEVER ENOUGH,2025,1
7b885d42-3c41-4f43-9944-a5855ec5155e,332bb421-420a-45a4-8d86-7ece854eef30,Silver Eye,2017,0
7bab7a05-8b0f-4778-b0b8-02dd6deb463a,fc39990a-c399-4b48-9288-7b13f7aca304,Wednesday,2018,0
7bab7a05-8b0f-4778-b0b8-02dd6deb463a,e2169093-28bf-45dc-b490-95321a5833d3,Heart Under,2022,1
7bab7a05-8b0f-4778-b0b8-02dd6deb463a,b4b9c376-96b2-4e78-b87e-a13f1a2bbb7f,We Were Just Here,2025,1
7c340ac5-6eda-4981-91d6-d5b1f4d1bbbf,d686b6d9-d77a-4347-b067-5b07b4f1a573,Sonderlust,2016,1
7c340ac5-6eda-4981-91d6-d5b1f4d1bbbf,43aebfcf-69dc-42be-952e-f8af99572474,Omoiyari,2019,1
7c340ac5-6eda-4981-91d6-d5b1f4d1bbbf,42c8a6c8-d896-4123-8d9e-1653fc676870,Music from the Song Film: Omoiyari,2023,0
7c340ac5-6eda-4981-91d6-d5b1f4d1bbbf,77ac5ea0-5820-4f57-8695-59cfdb833864,Kantos,2024,0
7cd2d860-c6d7-4be2-af50-57c51ee45687,2770631e-1dae-4cc6-a3b7-0af0c27caa2c,We Disappear,2016,0
7cf0ea9d-86b9-4dad-ba9e-2355a64899ea,c5bf04b5-30ba-43b1-88a1-5395a4fdb430,AIM,2016,1
7cf0ea9d-86b9-4dad-ba9e-2355a64899ea,0388913a-b047-47ed-8eb0-12b0ea6f54da,MATA,2022,0
7d04679e-a855-4214-9543-febaf02de725,5a26bb85-a06d-4243-b392-38fbab1b358a,Gifted,2022,1
7d3996ec-e9e9-41ec-8f4d-e336f64fc7c6,a59bae5a-0d58-4749-870b-10ccc4565df1,Sweatbox Dynasty,2016,0
7d3996ec-e9e9-41ec-8f4d-e336f64fc7c6,3712e4af-7252-4426-b514-0b467b44934f,Malibu Ken,2019,0
7d3996ec-e9e9-41ec-8f4d-e336f64fc7c6,09f9e072-7f78-4f84-86fb-22b4af5fa6f1,Hot Wet & Sassy,2020,0
7d3996ec-e9e9-41ec-8f4d-e336f64fc7c6,19ef3062-9a67-4ae6-a900-5fe3311ddab7,Fucked Up Friends 3,2021,0
7d3996ec-e9e9-41ec-8f4d-e336f64fc7c6,d60682fb-fadd-4054-82f9-5fd9a52ccc4c,Skids and Angels,2022,0
7d7a5fdd-0d04-4c36-8bee-906feeae239c,3c520c71-b005-4ae1-9955-620b0efcb462,"The Nearer the Fountain, More Pure the Stream Flows",2021,0
7dc8f5bd-9d0b-4087-9f73-dc164950bbd8,7e7270ae-a73a-48e2-a8a6-20e1112e21f8,Villains,2017,1
7dc8f5bd-9d0b-4087-9f73-dc164950bbd8,1411b1fe-f4d4-4583-ac28-1f6fa906ddf2,In Times New Roman…,2023,1
7dcf3b98-701a-4309-a90c-eb4179b96ea9,672a4973-eaf5-4308-8261-ffad7a5a5887,When Will We Land?,2023,0
7dcf3b98-701a-4309-a90c-eb4179b96ea9,0761b8f9-f975-4865-a995-a35204d1ab74,Loner,2025,1
7df4c4de-3181-4a69-bd36-9d663970cebb,45a7d5c6-531d-4a70-b6fb-eb4bd72fb350,Rocket,2017,0
7df4c4de-3181-4a69-bd36-9d663970cebb,ef315eab-4ddd-49d0-ae26-b7545ee818c7,House of Sugar,2019,0
7df4c4de-3181-4a69-bd36-9d663970cebb,26e50192-3b06-4556-952c-36d86c4253e3,God Save the Animals,2022,1
7df4c4de-3181-4a69-bd36-9d663970cebb,2b86bcf2-220b-44d3-9ba1-75e1983e0684,Headlights,2025,1
7e01053e-e701-4e55-8a29-b8cfdcdee205,0fcbf1b0-1740-40cd-9a63-6e9f6def5dd2,Beyondless,2018,1
7e01053e-e701-4e55-8a29-b8cfdcdee205,b12e7767-1969-40e2-a64a-f1ae49c76c1b,Seek Shelter,2021,0
7e35659f-f3bb-4c28-bcf5-47bd5cfa2bca,d8e52e65-6b96-4e88-9771-89c3cbca2828,I Love You. It's a Fever Dream.,2019,0
7e35659f-f3bb-4c28-bcf5-47bd5cfa2bca,cb00e0bf-c785-475c-a106-51cc25d953c1,Too Late for Edelweiss,2022,0
7e35659f-f3bb-4c28-bcf5-47bd5cfa2bca,94f4a28f-6a0f-4b1b-b5ae-54be2a6ab02e,Henry St.,2023,0
7e5a2a59-6d9f-4a17-b7c2-e1eedb7bd222,ab58a63b-a5a5-4e2c-b9fd-f3312b5828a6,Miss Anthropocene,2019,1
7e915503-cc34-43fa-a6d7-986ff909d5e9,ea648b76-02e0-4a49-abd2-19565aa9a9b7,Total Freedom,2020,0
7e915503-cc34-43fa-a6d7-986ff909d5e9,c578e8f4-2ec4-4ef3-abef-d3474c154917,Covers,2025,0
7e915503-cc34-43fa-a6d7-986ff909d5e9,26d95fd3-ff63-464b-bf20-e56b665d6b73,Billionaire,2025,0
7f2aa196-cfd4-4a3d-ace3-28b7b6a79af7,e6d84efe-c4ad-4db9-8bfa-386adaa2f63b,THE RAT ROAD,2023,0
7f426331-11c0-4c66-aec1-719abe5dd86f,e4c068ee-7ce0-452f-8d58-c2c33c5d8f94,Little Seeds,2016,0
7f426331-11c0-4c66-aec1-719abe5dd86f,fd224ab2-9ba8-4725-adfd-2e97f7659576,"Busted Jukebox, Volume 2",2017,0
7f426331-11c0-4c66-aec1-719abe5dd86f,d687765b-6d87-41a5-b2ba-2ee885156892,By Blood,2019,0
7f426331-11c0-4c66-aec1-719abe5dd86f,bce9854a-ca1f-4e8e-9fa2-70e3594e3da9,"Busted Jukebox, Volume 3",2021,0
7f426331-11c0-4c66-aec1-719abe5dd86f,2ab5a546-a209-432e-81eb-bcd59324017f,Manticore,2022,0
7f426331-11c0-4c66-aec1-719abe5dd86f,bad0f958-7316-48ca-8b0e-2f8eebdb2f01,Something Is Working Up Above My Head,2024,0
7f5dde96-1573-4491-9673-f03fe7c5caaa,792a24d4-5aff-46c0-86bd-09408f273963,For Forever,2023,0
7f89e20f-46f3-4571-9ae0-b29dcdb4bbe9,dc5f49b7-e62a-4ff6-9290-957acb19661e,"Occult Architecture, Vol. 1",2017,0
7f89e20f-46f3-4571-9ae0-b29dcdb4bbe9,e66c60c9-947d-4c76-83bb-3d7aca0251e8,"Occult Architecture, Vol. 2",2017,0
7f89e20f-46f3-4571-9ae0-b29dcdb4bbe9,becc6731-4517-4c14-ade8-8d4c083b9eed,Stars Are the Light,2019,1
7f89e20f-46f3-4571-9ae0-b29dcdb4bbe9,f6977fd5-1ef9-4b74-8195-3afdc4ab01f0,Escape (Expanded Edition),2020,0
7fb57fba-a6ef-44c2-abab-2fa3bdee607e,fd817615-3d43-4f07-9509-d0a46b2bc278,"“Awaken, My Love!”",2016,0
7fb57fba-a6ef-44c2-abab-2fa3bdee607e,47f9980d-8a1d-434c-86c8-43a0c07fbb31,3.15.20,2020,1
7fb57fba-a6ef-44c2-abab-2fa3bdee607e,0d953a46-791b-4e93-a921-6f0cd7e163c4,Atavista,2024,0
80eadd49-ee92-44bc-a234-769e61ea9a75,562496d1-e6c0-4d80-b830-de266aecaa75,The Soundtrack,2024,1
81cefa59-d9cd-410f-ac11-7b66519a9514,47e4801b-2e0d-4de4-bbc1-56a55eacec98,Something to Consume,2025,1
82303420-801e-44f4-a254-07b827477701,b52b9c94-1175-4af3-83bf-09842da2b6cb,Offerings,2018,0
82303420-801e-44f4-a254-07b827477701,73293d8e-fc12-43a3-b970-9a094a9e906b,Sympathetic Magic,2021,0
82315599-2215-4c3e-a36f-87be58d06ec0,5aea5c4d-af1e-4d70-9949-6beba7a7641b,Elastic Days,2018,0
82315599-2215-4c3e-a36f-87be58d06ec0,d59cb60a-1778-4ba4-8599-281c040317dd,What Do We Do Now,2024,0
82b304c0-7da4-45d3-896a-0767c7ae1141,a2e45162-9064-4fa1-a800-fa2eeac14003,All Quiet on the Eastern Esplanade,2024,0
82b922a4-410d-4b89-ac2e-c0d1f00136cd,c9262a66-1d61-4501-9b58-1fc1e43bce92,8 años,2017,0
82b922a4-410d-4b89-ac2e-c0d1f00136cd,a0844c55-8cc3-41be-8d41-19edf45175a4,El camino de mi alma,2018,0
82b922a4-410d-4b89-ac2e-c0d1f00136cd,c30f6ec1-9256-4e2e-8ad2-4c05fb57cf22,Hoy como ayer,2019,0
82b922a4-410d-4b89-ac2e-c0d1f00136cd,3bb34aae-7f0b-487f-99fa-dce777bc5982,Hijos del sol,2020,0
82b922a4-410d-4b89-ac2e-c0d1f00136cd,4a179170-9f93-4b73-829d-a8dc48873233,El bueno y el malo,2022,0
82b922a4-410d-4b89-ac2e-c0d1f00136cd,e62a945c-f07c-4feb-ae5e-f631d0e7f030,Sonido cósmico,2024,1
82c5d269-41b3-498b-8596-d960c7556268,e4d7d16b-029c-49b2-9565-8cec0cadacbf,The Peace & Truce of Future of the Left,2016,0
8389ff77-a7a4-4ba4-bf1b-17ded47d41a1,4427108d-23f5-422d-a834-1d82baf78aec,I Can't Let Go,2022,0
8389ff77-a7a4-4ba4-bf1b-17ded47d41a1,05de6349-e348-4d32-a46e-9f23f6cb3b15,Memoir of a Sparklemuffin,2024,1
83b9cbe7-9857-49e2-ab8e-b57b01038103,076e2345-be1c-490d-a7ff-59a2dbd33867,Gigaton,2020,1
83b9cbe7-9857-49e2-ab8e-b57b01038103,2f1d3f46-c9cc-4157-b198-0a4c6881a807,Dark Matter,2024,1
8475297d-fb78-4630-8d74-9b87b6bb7cc8,310b579e-702e-429b-b2f2-1d258475526f,Innocence Reaches,2016,0
8475297d-fb78-4630-8d74-9b87b6bb7cc8,eaa6ab51-3f2c-403b-8a35-1076a3b3a020,White Is Relic / Irrealis Mood,2018,0
8475297d-fb78-4630-8d74-9b87b6bb7cc8,717b3a55-0a10-4ed8-a05e-02a8095e7629,UR FUN,2020,0
8475297d-fb78-4630-8d74-9b87b6bb7cc8,c21922ec-c397-4839-8709-b5485ae75005,"I Feel Safe With You, Trash",2021,0
8475297d-fb78-4630-8d74-9b87b6bb7cc8,5b6237c4-b502-4f2c-be2a-e9dd88194f50,Freewave Lucifer f<ck f^ck f>ck,2022,0
8475297d-fb78-4630-8d74-9b87b6bb7cc8,c81edd5b-a17c-4b59-b136-1ab0ff229075,Lady on the Cusp,2024,0
84803b1d-dcb3-490d-9af5-debbba64a011,2729b660-472c-49bc-ab19-b020a2710f74,For Young Hearts,2016,0
84803b1d-dcb3-490d-9af5-debbba64a011,edf9aacf-ba73-4eef-a83c-83a7a3225fa8,Clean,2018,1
84803b1d-dcb3-490d-9af5-debbba64a011,22d131b0-4de5-4cd8-a07f-e30555769934,color theory,2020,1
84803b1d-dcb3-490d-9af5-debbba64a011,87df703b-d824-4766-b0b1-961674db2430,"Sometimes, Forever",2022,1
84803b1d-dcb3-490d-9af5-debbba64a011,c084071b-f42b-49f8-ab69-724a658ba4e1,Evergreen,2024,1
84c7cb93-0622-4b90-8d53-ee2b4650097f,e82f5dfb-62a3-4241-92fb-01f79f90c528,Undivided Heart & Soul,2017,0
84c7cb93-0622-4b90-8d53-ee2b4650097f,d63cc542-c913-4763-a10b-aa6ded086eab,Socks,2018,0
84c7cb93-0622-4b90-8d53-ee2b4650097f,e9505e2c-3e3b-458e-9047-e47a38df32b3,The Warm Covers LP,2023,0
84c7cb93-0622-4b90-8d53-ee2b4650097f,f7fac5a7-76a5-46b4-a9d2-44d49fc87dd8,Nite Owls,2024,0
84ca8fa4-7cca-4948-a90a-cb44db29853d,b5c6b555-6d29-465d-ae82-71519dcfae39,Splendor & Misery,2016,0
84ca8fa4-7cca-4948-a90a-cb44db29853d,16af6d23-9d40-49a6-952b-5631d4ec7981,There Existed an Addiction to Blood,2019,1
84ca8fa4-7cca-4948-a90a-cb44db29853d,8e5a1df1-2cb8-4a7e-985c-f78919c2c9b2,Visions of Bodies Being Burned,2020,1
84ca8fa4-7cca-4948-a90a-cb44db29853d,dc8005ec-e1ef-44fb-a1d6-ccb5083bc132,Dead Channel Sky,2025,1
84eac621-1c5a-49a1-9500-555099c6e184,a58dce0f-ecb9-4cb5-b3b8-a86e95882510,Hot Thoughts,2017,1
84eac621-1c5a-49a1-9500-555099c6e184,0ea1a9de-547e-4317-a747-f7b2ffb54274,Lucifer on the Sofa,2022,1
8522b9b6-b295-48d7-9a10-8618fb80beb8,ec6ed587-384c-46f1-8e84-32d3d0833640,Juice B Crypts,2019,0
8538e728-ca0b-4321-b7e5-cff6565dd4c0,19ce0c0c-d7c1-4760-bb66-8f4f37b96385,Spirit,2017,0
8538e728-ca0b-4321-b7e5-cff6565dd4c0,5db2f1f0-ae05-4de2-930d-b0d3cea31d15,Memento Mori,2023,1
8560d4e8-05e2-4c20-980b-ad2db445dd5d,a6e9106c-ab4d-4f4f-8044-07402d013455,Fitz and the Tantrums,2016,0
8560d4e8-05e2-4c20-980b-ad2db445dd5d,23385f8f-86de-475a-b599-dccd037e543b,All the Feels,2019,0
8560d4e8-05e2-4c20-980b-ad2db445dd5d,fc4ea54f-90a6-43c5-906b-72c58592c234,Head Up High,2021,0
8560d4e8-05e2-4c20-980b-ad2db445dd5d,75cc3826-2ad5-440c-95d6-4eab21b49be1,Let Yourself Free,2022,0
8560d4e8-05e2-4c20-980b-ad2db445dd5d,c8dde217-c0b0-4c2a-8e7a-7cd20f8802d4,Summer of Us,2024,0
8560d4e8-05e2-4c20-980b-ad2db445dd5d,c0487938-f99c-4a96-980b-ad9f56aeae44,Man on the Moon,2025,0
4c501a41-5f23-41c9-a36a-5b86e894e08d,b0dada6a-8874-4b48-961f-2a9b022ffdb0,The Nashville Sound,2017,1
4c501a41-5f23-41c9-a36a-5b86e894e08d,8cf356af-da3f-4725-925e-d86ed11838bf,Reunions,2020,1
4c501a41-5f23-41c9-a36a-5b86e894e08d,f8392165-0556-4725-ba5c-bad182c777c0,Georgia Blue,2021,1
4c501a41-5f23-41c9-a36a-5b86e894e08d,930e72ce-e852-4ab6-91c8-db4cf26c0e2c,Weathervanes,2023,1
859d0860-d480-4efd-970c-c05d5f1776b8,c1f22e07-7bdf-4a4f-8b50-7747c1091ef6,Lemonade,2016,1
859d0860-d480-4efd-970c-c05d5f1776b8,2c385052-5083-43a2-b1e5-36566d2ae3c0,RENAISSANCE,2022,1
859d0860-d480-4efd-970c-c05d5f1776b8,fa566e7b-254a-4fab-8aa5-ebcb7592d7f2,COWBOY CARTER,2024,1
860b2707-6153-4e3a-aa57-74d2b42c55b5,e295b8f2-a86c-49fb-8668-aaba1c9f9e4a,Woman,2016,0
860b2707-6153-4e3a-aa57-74d2b42c55b5,08110ae5-16bc-4baf-900c-9ce04c9a9e40,Hyperdrama,2024,1
86a064f9-3ed4-4621-b29d-d05442c6b1ae,efb8d510-0116-4a3e-a23d-17391f9b8db7,Big Black Coat,2016,0
86a064f9-3ed4-4621-b29d-d05442c6b1ae,605f54e1-06a2-4146-bee8-b7665c1656e4,Waiting Game,2022,0
86cd4d38-857c-42bd-a5da-9acedcab1e01,aab57d48-aa8f-48ed-bba0-c8dc56aba8ab,Lush,2018,1
86cd4d38-857c-42bd-a5da-9acedcab1e01,294e4822-77bd-499e-ae6f-4c890d79b699,Valentine,2021,1
8777a849-fb4e-4430-9918-170f619c5286,99c61ec4-2bef-4b50-a1b5-a7c12ac86830,Agora,2020,0
8777a849-fb4e-4430-9918-170f619c5286,2e37e7af-c645-4031-a484-29041d80158e,João,2023,0
87b9b3b8-ab93-426c-a200-4012d667a626,a08e02b3-f076-42c2-9a6a-374e15eda4fe,A Deeper Understanding,2017,1
87b9b3b8-ab93-426c-a200-4012d667a626,af8f5795-7d03-449d-b6ee-65cf4b1e3a95,I Don’t Live Here Anymore,2021,1
87c5dedd-371d-4a53-9f7f-80522fb7f3cb,6e11cb2a-3773-45d0-999f-6a81213a3e0c,The Cover Mix: Björk,2017,0
87c5dedd-371d-4a53-9f7f-80522fb7f3cb,c137e1f0-00bf-4bee-8d69-631664b52d1f,Utopia,2017,0
87c5dedd-371d-4a53-9f7f-80522fb7f3cb,b1977359-d45c-4e49-8ae7-1dbbb37f0811,Fossora,2022,1
8830afec-83b3-4213-aad0-f6377f1d73ac,875565f3-b01e-4658-a39a-6fd2cbca9be2,Let the Dancers Inherit the Party,2017,0
8830afec-83b3-4213-aad0-f6377f1d73ac,e37f357b-3552-407d-bfa2-d4efdccd419a,Everything Was Forever,2022,0
887b5b46-3f15-4475-b2bd-4d026c2b2031,d95b8366-994d-448d-8689-422b20b6cabb,BRONSON,2020,1
88927646-0c28-4b1b-a69e-cb33c400d650,cb8dc9d9-d4bd-4ec2-88f3-f63a85beaba5,"Introduction, Presence",2020,1
88927646-0c28-4b1b-a69e-cb33c400d650,0aa93ff3-6bbe-4433-95f8-7c1061f6e58e,A Way Forward,2021,1
88927646-0c28-4b1b-a69e-cb33c400d650,af9301be-e8e6-4068-a332-2b92e1bfc95e,Strange Disciple,2023,1
88927646-0c28-4b1b-a69e-cb33c400d650,d29e8491-8f3d-4f70-b494-3a196796ce75,Dance Called Memory,2025,1
88d17133-abbc-42db-9526-4e2c1db60336,9647e1b5-70f6-4fee-962c-cc612bc2cee7,Fake It Flowers,2020,0
88d17133-abbc-42db-9526-4e2c1db60336,b27250e6-f50f-45fb-8d62-38003e5a9753,Beatopia,2022,1
88d17133-abbc-42db-9526-4e2c1db60336,b21b5309-90b0-4ddb-9ea1-0c7870b10341,This Is How Tomorrow Moves,2024,0
892fb2e4-0af4-42be-9e60-22898de51d32,9887930e-da6f-458d-b102-75594f08ff3a,Hollywood Park,2020,0
892fb2e4-0af4-42be-9e60-22898de51d32,96b6e02e-31af-46a6-935e-2e75f0121cda,Glory,2024,0
8951c87f-f730-4247-b442-52ed14ad6a97,8dcc002b-ac63-449e-bbbf-32783408c4a9,The Lookout,2018,0
8951c87f-f730-4247-b442-52ed14ad6a97,b1db7337-f079-4c02-b53e-2d1935392428,My Echo,2020,0
8951c87f-f730-4247-b442-52ed14ad6a97,114886a9-0527-4d35-8673-9e5e90266ed4,Found Light,2022,0
8951c87f-f730-4247-b442-52ed14ad6a97,c0677189-2c48-4688-9b9a-c84de0a2bdbc,Phone Orphans,2023,0
8970d868-0723-483b-a75b-51088913d3d4,a36371cb-380c-4084-bed7-4c321ce8412c,Long Ambients 1: Calm. Sleep.,2016,0
8970d868-0723-483b-a75b-51088913d3d4,89fbcdbf-96f6-48d6-a20c-1f0ac87e0cf7,los ambient,2016,0
8970d868-0723-483b-a75b-51088913d3d4,5575f8b4-8dc8-4834-bf8f-e350ea65a4a1,These Systems Are Failing,2016,0
8970d868-0723-483b-a75b-51088913d3d4,4cc2072b-3708-4e71-96d1-3fc92fb42a9f,More Fast Songs About the Apocalypse,2017,0
8970d868-0723-483b-a75b-51088913d3d4,ea2b9cf7-1ace-45c4-96f3-856b7656d28d,"Everything Was Beautiful, and Nothing Hurt",2018,0
8970d868-0723-483b-a75b-51088913d3d4,3e06349e-a697-4a31-8856-87a7e909eb90,Long Ambients Two,2019,0
8970d868-0723-483b-a75b-51088913d3d4,fb51d62a-75d5-4d51-84f7-4ea6a89880f4,All Visible Objects,2020,0
8970d868-0723-483b-a75b-51088913d3d4,d6aef0f5-722c-4ef3-8c3a-073f0c2c9122,All Visible Objects (Quarantine DJ Set),2020,0
8970d868-0723-483b-a75b-51088913d3d4,b3213cb0-9c60-481a-862c-8580949f140b,All Visible Objects (Remixed: DJ Set),2020,0
8970d868-0723-483b-a75b-51088913d3d4,c88942a2-d9bf-4661-9bba-22625a8f261a,Reprise,2021,0
8970d868-0723-483b-a75b-51088913d3d4,ab14f46e-4b1a-4883-90cd-d0ee63db12aa,Ambient 23,2023,0
8970d868-0723-483b-a75b-51088913d3d4,9dd8f8e2-62c0-4c20-9c6a-2c5c78b2239a,Resound NYC,2023,0
8970d868-0723-483b-a75b-51088913d3d4,441f6c07-3baf-438f-9c26-015e587cfc85,Always Centered at Night,2024,0
8970d868-0723-483b-a75b-51088913d3d4,6d6deea1-3e8f-4f8e-8e18-52577050a303,always centered at night (3rd Street DJ Mix),2024,0
8970d868-0723-483b-a75b-51088913d3d4,68875ac1-801a-4990-a2ab-7348eea225bf,Always Centered At Night (Quiet Home: Remixes DJ Mix),2024,0
8970d868-0723-483b-a75b-51088913d3d4,1b4f1003-7a9e-4e4c-974a-e2b6b25b7dca,Moby House Remixed,2025,0
89aa5ecb-59ad-46f5-b3eb-2d424e941f19,68f8c63d-3e54-4f26-8ce3-41a7bc1ca7fd,X 100PRE,2018,0
89aa5ecb-59ad-46f5-b3eb-2d424e941f19,54976c04-e3f9-4eac-a8b2-b88d87d7f0e6,OASIS,2019,0
89aa5ecb-59ad-46f5-b3eb-2d424e941f19,e20e0bc0-4660-461b-8ac7-14ad2459cda6,YHLQMDLG,2020,0
89aa5ecb-59ad-46f5-b3eb-2d424e941f19,1591a80c-7aae-426e-8ec7-164f24ac3e1f,LAS QUE NO IBAN A SALIR,2020,0
89aa5ecb-59ad-46f5-b3eb-2d424e941f19,4b550700-6912-4f3b-a804-bac8da786629,EL ÚLTIMO TOUR DEL MUNDO,2020,0
89aa5ecb-59ad-46f5-b3eb-2d424e941f19,e992b449-141b-4aea-b07b-9b2a478a8570,Un Verano Sin Ti,2022,0
89aa5ecb-59ad-46f5-b3eb-2d424e941f19,4bf41242-0a5f-46a4-b676-93b081c88f71,nadie sabe lo que va a pasar mañana,2023,0
89aa5ecb-59ad-46f5-b3eb-2d424e941f19,b3073a10-2d7c-484c-b387-e49ae629da3d,DeBÍ TiRAR MáS FOToS,2025,1
89c081d4-2ab2-4d3e-8589-ad77dfc40384,d4f0da2e-2c29-4364-af7b-500eec2270dc,Aromanticism,2017,0
89c081d4-2ab2-4d3e-8589-ad77dfc40384,58b1f782-c39f-407d-b101-cbf94a866fd8,"græ, Part 1",2020,0
89c081d4-2ab2-4d3e-8589-ad77dfc40384,1c50740c-1acb-4bd8-bf54-fc6a6dc859cb,græ,2020,1
89c081d4-2ab2-4d3e-8589-ad77dfc40384,f2dc9922-fb68-4cf4-ba6d-0e3bf9b04266,Transfigurations,2020,0
8a338e06-d182-46f2-bd16-30a09bc840ba,0d208a76-4005-4096-b2fd-1f82a261372f,Hey Clockface,2020,0
8a396a9c-2e4f-47e2-a587-c26e93a0953f,54f5e4da-a51c-46ed-a1ef-70ff33122175,SEMICIRCLE,2018,0
8a396a9c-2e4f-47e2-a587-c26e93a0953f,0385dc06-2e8c-482b-8031-c351d9d52ce0,"Get Up Sequences, Part One",2021,0
8a396a9c-2e4f-47e2-a587-c26e93a0953f,e316b107-7f9e-403d-abb6-09e787f2620b,"Get Up Sequences, Part Two",2023,0
8a74e5ea-6f68-49e1-951c-80d2291f7c3f,adfb59fc-f1ea-4e2c-9de9-25be31c3019d,New Long Leg,2021,1
8a74e5ea-6f68-49e1-951c-80d2291f7c3f,e158aa01-e752-4d4b-9cfb-69335efd54d3,Stumpwork,2022,1
8b2350de-b682-4fe7-ad8f-4508d7b6c697,52fa311b-063a-439a-b309-a6a41bdc1101,Let’s Make Love,2018,0
8ba48525-d922-42ee-9775-97b7b8f9712e,6208dda5-c44a-467c-8d51-2aa4a8bee5c2,Heretics,2016,0
8ba48525-d922-42ee-9775-97b7b8f9712e,fb547690-6122-46cc-98da-611ad3bcda39,Marshmallow Moon Decorum,2016,0
8ba48525-d922-42ee-9775-97b7b8f9712e,bdc804ea-1171-46cd-bf41-685c4df6e9c2,Chelsea's Kiss,2016,0
8ba48525-d922-42ee-9775-97b7b8f9712e,9737da02-0526-45f5-9122-8fca036add2a,Rock n Roll Consciousness,2017,0
8ba48525-d922-42ee-9775-97b7b8f9712e,8f22a86e-d1ff-41e9-9075-9b2ffa0c0036,Dunia,2017,0
8ba48525-d922-42ee-9775-97b7b8f9712e,3dc99a6d-41fd-441c-8658-bd30c788e1d7,Improvisations,2017,0
8ba48525-d922-42ee-9775-97b7b8f9712e,3c6da2f8-8e29-440f-9793-a7df99081c5b,Disarm,2017,0
8ba48525-d922-42ee-9775-97b7b8f9712e,f9b70934-efa7-4700-a558-7c688c7b4ab3,Electronic Music for Piano,2018,0
8ba48525-d922-42ee-9775-97b7b8f9712e,e62a6277-f93a-4ef3-bb97-19812b7e8027,Spirit Counsel,2019,0
8ba48525-d922-42ee-9775-97b7b8f9712e,7b478991-f882-4039-95a7-9404aaac9b44,By the Fire,2020,0
8ba48525-d922-42ee-9775-97b7b8f9712e,102c8c95-494e-4c02-b4b5-f2239f264be8,Screen Time,2021,0
8ba48525-d922-42ee-9775-97b7b8f9712e,3ae43319-9f16-4f64-b5a7-f2a87b4c78cb,Born Without Word / At A Worn,2021,0
8ba48525-d922-42ee-9775-97b7b8f9712e,fe5efd0e-f2c0-4d75-9474-260b62dd9f61,Bruise,2022,0
8ba48525-d922-42ee-9775-97b7b8f9712e,6459993f-599c-48ca-8a31-53f7dc2864b2,Comes Through in the Call Hold,2023,0
8ba48525-d922-42ee-9775-97b7b8f9712e,89c343c6-7b1c-419e-8c21-166a916bb8d7,Flow Critical Lucidity,2024,0
8c529495-91f5-4e2f-b71b-adcb66878d04,ac6989e6-0589-41e9-b03c-1c4cb80a27d6,Psychopomp,2016,0
8c529495-91f5-4e2f-b71b-adcb66878d04,0d5370c5-4391-4428-90cc-1a578d8d80c2,Soft Sounds From Another Planet,2017,1
8c529495-91f5-4e2f-b71b-adcb66878d04,f4e55ff9-2fe6-417c-a631-f4cf528edc61,Jubilee,2021,1
8c529495-91f5-4e2f-b71b-adcb66878d04,3cc55d86-0df6-4721-9502-ac0822935202,For Melancholy Brunettes (& sad women),2025,1
8c538f11-c141-4588-8ecb-931083524186,552bb6e3-e4ef-4a89-80f0-f977f5d90d48,Hymns,2016,0
8c538f11-c141-4588-8ecb-931083524186,785fb786-3cd5-4e84-8db7-77453c94454a,Alpha Games,2022,0
8d455809-96b3-4bb6-8829-ea4beb580d35,2a5c9910-f4ac-4017-ba33-16770ab8f8cb,Ti amo,2017,0
8d455809-96b3-4bb6-8829-ea4beb580d35,ef781f85-796a-48f4-b581-8f4dd513641f,Alpha Zulu,2022,1
8d50cd20-34f2-4abe-ba16-0759ee0fb9f5,0225abc7-6b49-48cb-ab52-12146a7b0f81,Soul of a Woman,2017,1
8d50cd20-34f2-4abe-ba16-0759ee0fb9f5,e8607b3a-44b5-44ab-9ebe-3a2f2da95a13,The Daptone Super Soul Revue Live at the Apollo,2021,0
8d50cd20-34f2-4abe-ba16-0759ee0fb9f5,df5aa3de-6ca9-4dc0-9de1-176aeb823c08,Naturally - The Instrumentals,2025,0
8d831383-b22b-4237-8059-12bee111e4b6,62ab434f-92f2-4027-94e2-91082d157dd8,Caer,2018,0
8d831383-b22b-4237-8059-12bee111e4b6,456556a2-99e9-41cd-bc73-baf8355da5dd,Twin Shadow,2021,0
8d831383-b22b-4237-8059-12bee111e4b6,904d3666-f486-427e-ad31-11d36bd9d063,Georgie,2025,0
8d831383-b22b-4237-8059-12bee111e4b6,f0168007-edf8-49d8-822d-56e8ce56d22a,Cadet,2025,0
8dc08b1f-e393-4f85-a5dd-300f7693a8b8,bd166f52-cc11-4554-8045-ada94e6b2911,The Colour in Anything,2016,1
8dc08b1f-e393-4f85-a5dd-300f7693a8b8,8fceea87-5273-408b-a2f3-723d9b64800a,Assume Form,2019,1
8dc08b1f-e393-4f85-a5dd-300f7693a8b8,dddf4559-2271-4fb7-90ba-8ae7b4a61af3,Friends That Break Your Heart,2021,1
8dc08b1f-e393-4f85-a5dd-300f7693a8b8,25e37093-8510-4147-83b4-bc2ca4584d80,Wind Down,2022,0
8dc08b1f-e393-4f85-a5dd-300f7693a8b8,13d5dd40-9ba9-480c-9144-b4888f8d6769,The Cover Mix: James Blake,2023,0
8dc08b1f-e393-4f85-a5dd-300f7693a8b8,9980f970-e6a5-493c-973f-1c45a5c4a0ba,Playing Robots Into Heaven,2023,1
8dc08b1f-e393-4f85-a5dd-300f7693a8b8,47e33355-1ee4-479d-ad62-480e8bfe8cbd,Playing Robots Into Heaven: Endel Chillout Soundscape,2023,0
8dc08b1f-e393-4f85-a5dd-300f7693a8b8,d2f8d775-d3fd-4ee5-a341-576104bfc04d,Playing Robots Into Heaven: Endel Focus Soundscape,2024,0
8dc08b1f-e393-4f85-a5dd-300f7693a8b8,aaac76ca-98dd-44de-89bf-984bee760309,Bad Cameo,2024,0
8dd216da-6db2-4130-9a7c-ece756d1394d,fb820cc3-48e2-4700-ac28-d6f9dc0daa08,Graveyard Whistling,2017,0
8dd216da-6db2-4130-9a7c-ece756d1394d,ae1ce126-c391-4453-91eb-0b1ab66e0a3a,Love the Holidays,2018,0
8dd216da-6db2-4130-9a7c-ece756d1394d,a6994aea-97b5-4369-bf15-d0e7aeab945e,Twelfth,2020,0
8dd216da-6db2-4130-9a7c-ece756d1394d,e26855c0-269f-4fb7-8007-9a4c00db2700,American Primitive,2024,0
8dd73d1a-0424-4581-af8c-ade3edb44c5a,19975da3-5db8-43a5-82b2-bd57eb396e76,Mystic Familiar,2020,0
8e494408-8620-4c6a-82c2-c2ca4a1e4f12,668e80e0-b35e-4471-9788-0a3d797fe42c,Melodrama,2017,0
8e494408-8620-4c6a-82c2-c2ca4a1e4f12,c274479c-df3f-4566-b09f-04a82063219c,Solar Power,2021,0
8e494408-8620-4c6a-82c2-c2ca4a1e4f12,a3734ef9-80a8-40e0-8718-9eb39860ff4a,Virgin,2025,1
8e4a41a5-6ec6-4042-b064-acd1cb51cf1b,04f39571-3925-4315-9037-54a491aadffb,Double Vanity,2016,0
8e4a41a5-6ec6-4042-b064-acd1cb51cf1b,f2a31207-0341-46c2-806d-32d37edd45d5,Bad Behavior,2018,0
8e4a41a5-6ec6-4042-b064-acd1cb51cf1b,968a649c-69e1-4e20-9d1e-61403275e7c5,Natural Pleasure,2025,0
8eae1e0a-1696-4532-9e3c-0a072217ef4c,2a2b9165-14cf-4eee-8c9d-d745a90dab93,American Band,2016,1
8eae1e0a-1696-4532-9e3c-0a072217ef4c,fe72c8a8-46a6-47f7-993d-0d9a27d8a982,The Unraveling,2020,1
8eae1e0a-1696-4532-9e3c-0a072217ef4c,9b54f4e7-0dff-4622-913b-8460557f2300,The New OK,2020,0
8eae1e0a-1696-4532-9e3c-0a072217ef4c,91abfd9a-f06e-487c-abf9-5804c42f51ff,Welcome 2 Club XIII,2022,0
8ed2e0b3-aa4c-4e13-bec3-dc7393ed4d6b,447435e2-8395-45f5-812b-f03f7525c8d6,ANIMA,2019,1
8ed2e0b3-aa4c-4e13-bec3-dc7393ed4d6b,80e3d46d-8d77-409c-947d-efe50f02806f,Tall Tales,2025,0
8f0e0596-5a39-4bd5-9dfa-f2b12030ffdc,cbd58c6f-97e4-43cd-bac1-fc4ad0abc56a,The More I Sleep the Less I Dream,2018,0
8f0e0596-5a39-4bd5-9dfa-f2b12030ffdc,878395ba-6ebd-4307-8263-88febc6a504a,Enjoy the View,2021,0
8fb5370b-9568-4b61-9da5-2aa12c9928db,b0b9a346-658c-48b4-97ee-8cd49c19c2e6,Cuz I Love You,2019,1
8fb5370b-9568-4b61-9da5-2aa12c9928db,29bd1493-ce60-43c6-afb4-487b77de494c,Special,2022,1
8fb5370b-9568-4b61-9da5-2aa12c9928db,25df8a30-9af3-428f-8822-48548041adf5,MY FACE HURTS FROM SMILING,2025,0
90218af4-4d58-4821-8d41-2ee295ebbe21,5fa2b5c5-f360-45e8-844f-df495bd08857,Stay Together,2016,0
90218af4-4d58-4821-8d41-2ee295ebbe21,87ac7a47-9ffe-448b-9d9b-c3f6354ec09d,Duck,2019,0
90218af4-4d58-4821-8d41-2ee295ebbe21,edd1878f-c9d5-486a-9dd0-92d2af425019,Kaiser Chiefs’ Easy Eighth Album,2024,0
9055fca5-69bc-4d47-b569-ab2012a19565,50b9771f-40fd-4511-bc8e-408cd3358b12,A Light for Attracting Attention,2022,1
9055fca5-69bc-4d47-b569-ab2012a19565,87f4d5ae-5e94-4768-b8ee-f52fbabfbaa6,Wall of Eyes,2024,1
9055fca5-69bc-4d47-b569-ab2012a19565,0f02313d-f0d7-4bdc-a1b4-235103c477b9,Cutouts,2024,1
90744b3e-363a-458e-8da1-e3e392a489c4,d53be2e5-fe7c-4681-85f3-960493aa02b5,Wet Leg,2022,1
90744b3e-363a-458e-8da1-e3e392a489c4,660fd111-0d68-4d0e-8b83-ff5ca450bfa3,moisturizer,2025,1
90955e9c-860e-4881-a454-07de62c85534,8ae4549f-eae6-4c63-b3a2-f6a735106898,Wild Man,2018,0
90955e9c-860e-4881-a454-07de62c85534,6d5e4773-a3ad-48f7-9121-12d16481cef7,When Horses Would Run,2023,0
90955e9c-860e-4881-a454-07de62c85534,12c6d51b-a823-49b0-984c-628a3333a596,EELS,2024,1
91b67275-db2c-4fc2-b51f-82978aeb5c41,7f44b345-d444-493f-bc91-bdee7da5826d,My Back Was a Bridge for You to Cross,2023,0
913e6848-6865-4717-ac5e-3bd9c22826be,11444eec-3113-4c0a-af0c-5ed68e519092,Hang,2017,0
913e6848-6865-4717-ac5e-3bd9c22826be,7cd09e26-0c5b-4555-80d0-ab82e2b5254a,Seeing Other People,2019,0
91640d9b-b077-4271-9fb7-84f3ea543f24,4c991884-e84d-4efc-ac65-372cd1d3a848,"Bark Your Head Off, Dog",2018,1
91b67275-db2c-4fc2-b51f-82978aeb5c41,7c2f9ad0-029d-4ae3-93c2-0fe50397339b,HOPELESSNESS,2016,1
92657af8-298e-495b-9df3-455b6efbcc29,f45a67f7-7c18-4433-9dec-96dbe9e9d5bb,Effection,2025,1
92de1f8d-833e-47d0-ba85-02a03c81848a,0ff34f07-a1c8-4794-a86d-8babad4e7e18,Kiss Yr Frenemies,2018,0
92de1f8d-833e-47d0-ba85-02a03c81848a,f777226a-7bf1-4c76-b7ba-6214d9181d2a,FREE I.H.: This Is Not the One You’ve Been Waiting For,2020,0
92de1f8d-833e-47d0-ba85-02a03c81848a,d01c6235-7760-4e9d-887b-8dc368c1c55d,Let Me Do One More,2021,1
92de1f8d-833e-47d0-ba85-02a03c81848a,5f783e98-7fc0-4ad3-81e5-555e0b650903,Power,2024,0
92e634a7-6023-4be8-be15-ebba822f5b34,ab0c3429-1d2c-4a15-8cc3-812c9a90c809,Risk to Exist,2017,0
92e634a7-6023-4be8-be15-ebba822f5b34,9b24fe34-f549-46f5-b974-c19c4e77377d,Nature Always Wins,2021,0
92e634a7-6023-4be8-be15-ebba822f5b34,5bb9e741-b10e-4133-b6ca-5870f8e37d31,Stream of Life,2024,0
9357482a-9517-456e-b949-e7370e926034,ef29bda9-8f49-4810-bd70-1aef52374a88,United Crushers,2016,0
9357482a-9517-456e-b949-e7370e926034,005310a8-93d9-45eb-89bc-9ed5030798cb,Music for the Long Emergency,2018,0
9357482a-9517-456e-b949-e7370e926034,2aed3ce9-1d35-4f10-b11a-00a763849527,When We Stay Alive,2020,0
9357482a-9517-456e-b949-e7370e926034,24620f5a-457a-4e21-9a2a-bf9ab4752db9,Madness,2022,0
9357482a-9517-456e-b949-e7370e926034,8284630c-c5a2-4aa9-ab7f-ea3bf5d93dfb,Dreams Go,2025,0
9386b36e-87f3-4716-a219-79a07a4e29cc,5619fcf4-01b6-4e7c-a681-fb499b401e6e,Helter Seltzer,2016,0
9386b36e-87f3-4716-a219-79a07a4e29cc,381b788c-1938-4dc2-bd38-31cfa409ad61,Megaplex,2018,0
9386b36e-87f3-4716-a219-79a07a4e29cc,1555da65-7988-4ce8-8449-ce709611cca6,WASABI,2019,0
9386b36e-87f3-4716-a219-79a07a4e29cc,a9f033a3-050c-4e48-ab68-87b057e84732,Huffy,2021,0
9386b36e-87f3-4716-a219-79a07a4e29cc,b78bbdcc-0d54-43f5-8c0d-04dfee52d226,Lobes,2023,0
9386b36e-87f3-4716-a219-79a07a4e29cc,0a976c08-8672-4104-b3cc-27ef3a35e9d1,Qualifying Miles,2025,0
93998e01-ff53-4af7-ba2a-5674adcdf21e,51ad97fa-2a53-4b45-ab1d-c44e2a386f53,Back of My Mind,2021,1
94219793-a46b-4c39-9397-e05ad633f32d,8da30293-8e91-48fd-91eb-e5c32fb933bf,"Look to the East, Look to the West",2024,0
944267d5-c0f0-4f4e-b3f2-7987d25d0441,7282fbf0-b2f1-4242-bd68-d4ff7e69acb5,I Used to Spend So Much Time Alone,2017,1
944267d5-c0f0-4f4e-b3f2-7987d25d0441,80774eff-3edb-4e13-8fcc-aadd01e71406,Chastity Belt,2019,1
944267d5-c0f0-4f4e-b3f2-7987d25d0441,56625075-f1b2-4db7-8305-f17846510578,Live Laugh Love,2024,0
9499a0a3-61af-41a3-bbdf-9fdfda142778,f54d9ded-a41c-47c4-ac0e-af970351711b,Bright to Death,2018,0
9499a0a3-61af-41a3-bbdf-9fdfda142778,7e640037-1d65-45a6-a9cd-6d2bf966d852,We Weren't Here,2021,0
9499a0a3-61af-41a3-bbdf-9fdfda142778,e4f4ecba-5f5b-44c3-888c-ffa18cae8711,Field,2023,0
9563966d-ca18-44f7-9d72-87a1fe27ae9d,83220b6e-12d8-4de9-b0ee-e86d5d5326df,R Is for Rocket,2025,1
959cf5bf-ee29-4af6-a85a-0b480181d988,e09f368f-8441-4aa6-91ee-06e056744694,Fuse,2023,1
95e1ead9-4d31-4808-a7ac-32c3614c116b,f8f4db4d-43cc-4011-ac4e-568452736c10,Wonderful Wonderful,2017,0
95e1ead9-4d31-4808-a7ac-32c3614c116b,ca269f49-95f0-4301-8041-d004752fc088,Imploding the Mirage,2020,0
95e1ead9-4d31-4808-a7ac-32c3614c116b,9207e91d-3751-40af-9368-855654ee2417,Pressure Machine,2021,0
95f7536d-b2f7-4087-8668-a663ec201f5a,3d90df38-afbe-4959-a6cd-3a1e2755db3f,Jessica Rabbit,2016,0
95f7536d-b2f7-4087-8668-a663ec201f5a,30319b47-d95e-41d3-a87f-8f06d11f95c0,Texis,2021,1
95f7536d-b2f7-4087-8668-a663ec201f5a,dc38c5bc-0130-42e6-bf9f-20a9f55b7111,Bunky Becky Birthday Boy,2025,0
960afc67-9c21-46dd-9c7f-ff2b509e3150,88f4f8e5-ee88-4050-84ad-cf73f7c2b19a,Atrocity Exhibition,2016,1
960afc67-9c21-46dd-9c7f-ff2b509e3150,b0f30e65-966b-49be-92e6-547adda88643,uknowhatimsayin¿,2019,0
960afc67-9c21-46dd-9c7f-ff2b509e3150,6bb871f4-08ec-4a70-9fb3-c1c2b481e090,SCARING THE HOES,2023,0
960afc67-9c21-46dd-9c7f-ff2b509e3150,6d016b33-9434-4aad-ae31-ec24ad13c845,Quaranta,2023,0
960afc67-9c21-46dd-9c7f-ff2b509e3150,7755d479-2ccd-4ff7-8835-1de7d0a58a2f,XXX for 30,2025,0
960afc67-9c21-46dd-9c7f-ff2b509e3150,9b6f5937-d031-47c9-9767-cfa9d4975f0d,Stardust,2025,0
9639cd52-c351-4a17-9797-58880e95a7ef,1669fb02-649d-4f4f-a9b3-1b1e09c76f4a,Goths,2017,1
9639cd52-c351-4a17-9797-58880e95a7ef,72555000-eb77-42e9-8e8b-53b53ceaefd6,In League With Dragons,2019,0
9639cd52-c351-4a17-9797-58880e95a7ef,936a628c-f54e-4b80-9d2a-8b71a1660b35,Songs for Pierre Chuvin,2020,0
9639cd52-c351-4a17-9797-58880e95a7ef,9446cf48-4acd-47b8-8cc1-3e11a1a063a2,Getting Into Knives,2020,1
9639cd52-c351-4a17-9797-58880e95a7ef,c49cb17f-e98c-4f8d-ac6c-4d1a2168c44b,Dark in Here,2021,0
9639cd52-c351-4a17-9797-58880e95a7ef,71ded777-a5a1-4a98-9c86-6bd905e0bcd0,Bleed Out,2022,0
9639cd52-c351-4a17-9797-58880e95a7ef,1154ee6c-19a6-4d2c-8266-8fdf94695a89,Jenny From Thebes,2023,0
9639cd52-c351-4a17-9797-58880e95a7ef,8264bc1e-511e-48a5-bf17-572420d86437,Through This Fire Across From Peter Balkan,2025,0
96855c21-b832-4366-ba12-0d2330c36a86,0dac7ff9-b4d1-423e-bf6b-7d194abb0e14,Stranger in the Alps,2017,0
96855c21-b832-4366-ba12-0d2330c36a86,cf75fd5a-ca84-4371-94d7-27410360f06b,Punisher,2020,1
9689aa5a-4471-4fb4-9721-07cecda0fa9f,b445860f-edd9-4160-841c-fccf5533ecbd,We Got It From Here… Thank You 4 Your Service,2016,1
9724aa19-fdf9-49d0-9f9d-944e462e2a5c,9dd96c92-f8c9-4053-9205-e57db0ba6060,Boomiverse,2017,0
9724aa19-fdf9-49d0-9f9d-944e462e2a5c,ece09d93-56b5-4ba3-9149-2ce4e00b3751,Big Sleepover,2021,0
97b1142f-c71e-4971-8736-4a8ceaf6b4c3,ac02498c-272e-49cd-8c1c-52fd7061c896,I’ll Be Your Girl,2018,1
97b1142f-c71e-4971-8736-4a8ceaf6b4c3,e82c4e86-e4b8-4c2f-8136-4f2855cd4bc5,"As It Ever Was, So It Will Be Again",2024,1
97b20fe3-0924-4a5f-9955-d0b5c5f9587f,9b688354-f976-433a-91eb-0a6e740efe08,99¢,2016,0
97b20fe3-0924-4a5f-9955-d0b5c5f9587f,273c7e33-ce6f-42bf-8cd0-97965be68ee6,Spirituals,2022,1
97b226c8-7140-4da3-91ac-15e62e131a81,e46f5d60-17be-4523-9cb9-9030aea25c20,This Unruly Mess I’ve Made,2016,1
9833b455-0da2-40b5-8e63-37816c910604,4e6cf5b3-df30-4ff8-977f-a7bf6e5117f1,yep definitely,2018,0
9833b455-0da2-40b5-8e63-37816c910604,5a5a262b-39a2-44df-97e9-9fb97812e303,I Was Trying to Describe You to Someone,2020,0
9833b455-0da2-40b5-8e63-37816c910604,25b4fc74-8b36-4a42-acfc-9e06a8fce0d3,Twin Plagues,2021,0
9833b455-0da2-40b5-8e63-37816c910604,a33fe88e-3e28-441a-9cbe-0f774a3b5a79,Mowing the Leaves Instead of Piling 'em Up,2022,0
9833b455-0da2-40b5-8e63-37816c910604,a0ad316d-89a2-4f49-b439-8296ca98be01,Rat Saw God,2023,1
9833b455-0da2-40b5-8e63-37816c910604,5bed2109-60ce-4c13-804a-fc04946ba7f7,Bleeds,2025,1
985c709c-7771-4de3-9024-7bda29ebe3f9,d8b7416b-0c01-4062-a84e-ea9a30328f43,Day Breaks,2016,0
985c709c-7771-4de3-9024-7bda29ebe3f9,c43f36d2-c6d2-44bd-b361-b76c461ec7a0,Begin Again,2019,0
985c709c-7771-4de3-9024-7bda29ebe3f9,ec35b59b-2f3c-414e-9225-6c8e93f3dbfa,Pick Me Up Off the Floor,2020,0
985c709c-7771-4de3-9024-7bda29ebe3f9,52970684-d795-4cc4-b508-ed9582ed5154,I Dream of Christmas,2021,0
985c709c-7771-4de3-9024-7bda29ebe3f9,329cb3f2-b650-4b38-bcd9-2fb2c6f3b8b9,Visions,2024,0
9861b813-3e8e-4e3a-b5ec-78ac6280489a,0b2f8403-a8c2-420b-a146-e99c596a4ece,Better Oblivion Community Center,2019,1
98cb416e-5271-484c-ab3b-6bed6b4aae12,70f3d5c8-ff5f-455f-b99b-275c40d6a1e5,Signs of Light,2016,1
98cb416e-5271-484c-ab3b-6bed6b4aae12,281bfb7d-89ac-4746-96e3-b6246c5a2f85,Living Mirage,2019,0
98cb416e-5271-484c-ab3b-6bed6b4aae12,1f0ea4d2-1d84-4b1a-8fb2-0c9d7b59a127,Every Shade of Blue,2022,0
98cb416e-5271-484c-ab3b-6bed6b4aae12,e2b43060-04c7-466f-86f3-dbd59c3a14ae,Aperture,2025,0
eaefd603-84c1-4db4-a72b-0cb718a0cc07,494fdd85-d552-472c-992f-a3e8e72607ea,Sparkle Hard,2018,1
991813f5-27c6-4ff3-88dd-90e750dad545,7def901a-0765-4dd7-8393-c5a9ddadce3a,Serpentine Prison,2020,1
991813f5-27c6-4ff3-88dd-90e750dad545,b205e08c-1847-4265-958d-ef9c92268270,Get Sunk,2025,1
9929a375-ccf4-4b8c-9b13-0026393fcb84,096fcc86-85f6-4a76-9ab2-5975a649c12e,Stranger Things,2016,0
99450990-b24e-4132-bb68-235f8c3e2564,1f0a3090-ae8c-4fbd-9b70-b4371961ef11,Antisocialites,2017,1
99450990-b24e-4132-bb68-235f8c3e2564,0e68df76-a5fc-4d70-9ff6-e71e2ad83330,Blue Rev,2022,1
994c6d08-08f2-47f1-81bd-b26bfb597cbc,13fe7184-5553-44df-bfcb-85926f7d7bb3,This Is Your Life,2016,1
99fe4613-84ec-4f48-bb4f-f036880ed2ac,bc24d3ea-1f01-49d1-a174-41a0245f857a,Pinned,2018,0
99fe4613-84ec-4f48-bb4f-f036880ed2ac,d184f529-4d05-4fe8-bf0d-148d625330a9,Thirsty Knights,2020,0
99fe4613-84ec-4f48-bb4f-f036880ed2ac,466793fb-fae7-4d67-9760-5b2c74940174,See Through You,2022,0
99fe4613-84ec-4f48-bb4f-f036880ed2ac,2596b72b-a932-4b7c-8f10-00f849af0758,Synthesizer,2024,0
9a2da736-57bd-4b0a-9d61-28712bbb7968,8fbd7da4-646a-4e19-9eb2-08057c72a4ed,ARIA,2021,0
9a709693-b4f8-4da9-8cc1-038c911a61be,d9a5aa9a-6e35-47b1-b74e-b83cb5b3beed,Migration,2017,1
9a709693-b4f8-4da9-8cc1-038c911a61be,c0b8d15f-baed-499c-80d3-037325756e9c,Fragments,2022,1
9ad6d1e3-427f-4921-b603-7e9eda94a061,a1ca525f-28f5-4162-9f6a-c7412fdf5c36,On the Line,2019,1
9ad6d1e3-427f-4921-b603-7e9eda94a061,cebdc084-cb98-447f-bb77-594421bc90ea,Joy’All,2023,1
9ae93352-6da7-4efb-abb2-e43ef51acb25,43b0dee9-2952-41ad-a43a-d35d06900603,Earth,2020,1
9b21f670-8359-4e11-be1d-bf75b649a719,cf71c264-4633-4522-a3d1-a93bad9dc570,Heroin and Helicopters,2019,0
9b21f670-8359-4e11-be1d-bf75b649a719,d40fae14-ab34-4e2c-ae4a-4dad4a907f4e,"The Pull of Niagara Falls Acoustic LP, Vol. 1",2021,0
9b21f670-8359-4e11-be1d-bf75b649a719,ca67efc6-6a92-45ff-a947-05b76017fb2c,The Victory March,2023,0
9b422c81-017c-4f8f-a7a9-ba6229c29343,c5e811be-861b-4747-8eba-a2c87b745ea0,Three Futures,2017,0
9b422c81-017c-4f8f-a7a9-ba6229c29343,d7b5ad68-4ef0-490e-b9f8-18cb083c10c7,Silver Tongue,2020,0
9b422c81-017c-4f8f-a7a9-ba6229c29343,8d3f3dfc-6393-4701-b89e-34e30912ca93,Thirstier,2021,1
9b422c81-017c-4f8f-a7a9-ba6229c29343,8083b8a4-cfe0-4042-b6f3-38a7059cca1c,What an Enormous Room,2024,0
9b422c81-017c-4f8f-a7a9-ba6229c29343,0be1f55d-ec77-41ce-9e82-0e1d3e959f06,A Decoration,2024,0
9b422c81-017c-4f8f-a7a9-ba6229c29343,d2499df0-5047-470e-aef5-34d18c87caf5,Send a Prayer My Way,2025,0
9b5ae4cc-15ae-4f0b-8a4e-8c44e42ba52a,18272961-ff6a-4c35-965a-48e08d47f481,Floating Features,2018,1
9b5ae4cc-15ae-4f0b-8a4e-8c44e42ba52a,8bc5ac6a-fce4-46d1-9c7e-1d60cefb8e97,La Luz,2021,1
9b5ae4cc-15ae-4f0b-8a4e-8c44e42ba52a,2bdebd7d-f5b3-4a73-9a85-d54d4630bb19,The Instrumentals,2022,0
9b5ae4cc-15ae-4f0b-8a4e-8c44e42ba52a,d784bbee-d889-4524-a892-693111760ef8,News of the Universe,2024,1
9b627d78-b041-4b23-bb70-3534e61afc7e,21e8e0c4-c28b-4860-b63b-fb12adbb9266,Signal,2019,0
9b627d78-b041-4b23-bb70-3534e61afc7e,9bea8a2b-246d-43bb-91ed-3d1f5bd37f99,Excess,2022,1
9b627d78-b041-4b23-bb70-3534e61afc7e,98460e0a-a764-4f61-a378-f1ecc75f5445,Is It Now?,2025,1
9bbbca84-c6a4-44ac-87b6-d7e8e7930bb1,cd6c189f-7c92-45d0-8711-96dd6714e935,Trust the River,2020,0
9bbbca84-c6a4-44ac-87b6-d7e8e7930bb1,34c5c2b7-e593-4652-b9a2-9d3a5daa0d5d,Sparta,2022,0
9beb62b2-88db-4cea-801e-162cd344ee53,676585fa-86b9-4cf6-9f3d-18a04de06c65,Rock The Cowbells,2019,0
9beb62b2-88db-4cea-801e-162cd344ee53,fb4b6537-c821-4f5a-9517-7e23fe21f5ad,Mo' Cowbells Mo' Problems,2023,0
9c0b1b7f-d63d-4e4f-bbec-1e7e7607dd22,18886fc5-08e0-4b0a-b7ab-523ca4a84e4b,Always Happy To Explode,2024,0
9c1ff574-2ae4-4fea-881f-83293d0d5881,3fc0fb9b-07c7-4aa0-a3bd-d41b273e542a,X: The Godless Void and Other Stories,2020,0
9c1ff574-2ae4-4fea-881f-83293d0d5881,8b73ea14-3ca3-4080-aa2c-764cf16cd17c,XI: Bleed Here Now,2022,0
9c90ffbf-b137-4dee-bfcc-b8010787840d,1fb1b4bf-2148-4dc1-84c3-ae846933b8c6,Chris,2018,1
9c90ffbf-b137-4dee-bfcc-b8010787840d,d9728ec6-8844-4785-8adb-70c4f44f06ea,"PARANOÏA, ANGELS, TRUE LOVE",2023,0
9c9f1380-2516-4fc9-a3e6-f9f61941d090,8d4198ab-66a7-4292-8125-ac6fe8eb1cab,Simulation Theory,2018,0
9c9f1380-2516-4fc9-a3e6-f9f61941d090,053388de-2a31-448e-b8d1-c0caa9623598,Will of the People,2022,0
9d4c4835-c71a-4647-a4fc-263e26832cd0,74bcd0ac-2a17-4030-9d71-69ecb6c9dd00,Last Place,2017,1
9d4c4835-c71a-4647-a4fc-263e26832cd0,7e18451b-2ed2-4f7b-888a-3dd50626c053,Practice '97,2017,0
9d4c4835-c71a-4647-a4fc-263e26832cd0,543b014b-20aa-451f-a8a1-f481a9b3d505,The Sophtware Slump ….. on a wooden piano,2020,0
9d4c4835-c71a-4647-a4fc-263e26832cd0,67a3d8fc-1719-47df-927d-539517cb0eaf,Blu Wav,2024,0
9d79c790-9897-464e-aef0-db5bd3290f00,8974d5d9-6b96-433b-a659-d767ae6ce0ff,Birds and the BEE9,2017,0
9d79c790-9897-464e-aef0-db5bd3290f00,23b3e312-6669-4e15-af16-085db52903df,The Return,2019,1
9d79c790-9897-464e-aef0-db5bd3290f00,97bc9081-881a-49ea-8004-d66955c3a55c,As Above So Below,2022,1
9d88eaab-f90a-4fbe-b84f-20da5518cd26,7eaadc60-127b-4b87-81bf-ba294697e584,Kelly Lee Owens,2017,0
9d88eaab-f90a-4fbe-b84f-20da5518cd26,4f883542-76d0-4fb1-bd7f-f53ccd5e8bc3,Inner Song,2020,1
9d88eaab-f90a-4fbe-b84f-20da5518cd26,b67c5c0e-950c-422f-8650-58ea24fbe64c,LP.8,2022,0
9d88eaab-f90a-4fbe-b84f-20da5518cd26,dee9395f-96d0-4a36-bffb-4a1e6a172a74,Dreamstate,2024,1
9de8f66e-3cd1-4f11-8328-38200f0612b0,d47ed363-bf57-426d-b061-34675b8892b6,The Universal Want,2020,1
9de8f66e-3cd1-4f11-8328-38200f0612b0,378daa85-8f8f-4d92-8c04-be4d67475d58,Constellations for the Lonely,2025,0
9df0c0ec-619e-447d-a155-23e19d9c84ce,beac794d-0330-479b-ab60-d0b0b7be0e5c,Street Worms,2018,0
9df0c0ec-619e-447d-a155-23e19d9c84ce,8a2010c4-cfea-4ea1-b15e-034727293ca8,Welfare Jazz,2021,1
9df0c0ec-619e-447d-a155-23e19d9c84ce,bed07eb0-f5b6-4e42-b6b8-c2416b86cbfc,Cave World,2022,0
9df0c0ec-619e-447d-a155-23e19d9c84ce,97751ad2-72e1-4b96-832b-76530defaaa8,viagr aboys,2025,1
9df31471-e54e-43ba-bbe8-38fd94c63dbb,ab830d15-30c8-4323-8aaf-f1a6939a98a4,Jet Plane and Oxbow,2016,1
9df31471-e54e-43ba-bbe8-38fd94c63dbb,f501e482-6014-48af-981b-a57ca8e9accf,Shearwater Plays Lodger,2016,0
9df31471-e54e-43ba-bbe8-38fd94c63dbb,3d9103a6-c2b1-438a-a66a-15f804f6f4d7,The Great Awakening,2022,0
9e103f85-7af7-41d7-b83b-49ba8f0c5abf,c8c4029a-3efa-4169-abe7-353d38b0f5c5,FEVER DREAM,2019,0
9e103f85-7af7-41d7-b83b-49ba8f0c5abf,4e63e5c3-f00d-425e-866f-8c3e5ac810c3,My Head Is An Animal (The Cabin Sessions),2022,0
9e103f85-7af7-41d7-b83b-49ba8f0c5abf,1fba22ec-8c01-4066-8d0e-64985b83ed64,All Is Love and Pain in the Mouse Parade,2025,0
9e1ea361-c2cc-45a4-a926-00518453efc0,f88a09d7-52cb-4ea0-8eaf-1e247dc5cc62,Live Forever,2020,0
9e1ea361-c2cc-45a4-a926-00518453efc0,cd88b8dd-a6a7-4e02-9e71-c1a12b2db71b,Farm to Table,2022,1
9e1ea361-c2cc-45a4-a926-00518453efc0,22957872-6303-4b01-a248-06f17b750a6f,Horror,2025,0
9e53f84d-ef44-4c16-9677-5fd4d78cbd7d,90bda0c6-4f34-44c4-a829-e44956693430,Schmilco,2016,1
9e53f84d-ef44-4c16-9677-5fd4d78cbd7d,ff16aeb5-f7f8-4987-94a1-bac0bd574f2e,Ode to Joy,2019,1
9e53f84d-ef44-4c16-9677-5fd4d78cbd7d,e03fbefb-4b8f-4c14-974d-5e93d8a71f8c,Cruel Country,2022,1
9e53f84d-ef44-4c16-9677-5fd4d78cbd7d,6335c162-4d39-45ad-a944-befba3bae913,Cousin,2023,1
9ee1988d-66ec-4c29-98d6-876a45e0fcbd,2a64e463-6d16-4ae4-af8d-f3c064b09256,Preoccupations,2016,0
9ee1988d-66ec-4c29-98d6-876a45e0fcbd,fd7be2e4-551f-4960-b30d-41e8b24ab4a2,New Material,2018,0
9ee1988d-66ec-4c29-98d6-876a45e0fcbd,0497c9f9-fc37-42b9-b5c5-98e5d317e193,Arrangements,2022,0
9ee1988d-66ec-4c29-98d6-876a45e0fcbd,6a06f33d-bc73-4aa9-9dc4-dece9b35624f,Ill at Ease,2025,0
9efaf639-6332-44b8-94ae-c25896320ca7,2617764c-6112-4637-bc92-ebc57b61ec5c,Relatives in Descent,2017,0
9efaf639-6332-44b8-94ae-c25896320ca7,16b0d4f1-5541-489d-b30c-a68598768e0e,Ultimate Success Today,2020,1
9efaf639-6332-44b8-94ae-c25896320ca7,42b10a39-6d99-494e-8d65-60e3683dd725,Formal Growth in the Desert,2023,0
9f81247f-7f57-42f3-a8ba-75bef554e591,134104b9-926e-40fc-a975-e6a0f3b238d5,Masterpiece,2016,0
9f81247f-7f57-42f3-a8ba-75bef554e591,3fd9b616-15ec-4a3d-81df-866bd9942202,Capacity,2017,1
9f81247f-7f57-42f3-a8ba-75bef554e591,f480ab60-a5c1-4472-8789-393d0b0e4a7a,U.F.O.F.,2019,1
9f81247f-7f57-42f3-a8ba-75bef554e591,7b95343d-835d-474c-bba0-0025462b36c5,Two Hands,2019,1
9f81247f-7f57-42f3-a8ba-75bef554e591,d705a3ed-be7a-459c-ac74-58cddaf98576,Dragon New Warm Mountain I Believe in You,2022,1
9f81247f-7f57-42f3-a8ba-75bef554e591,8fd54a87-a6df-4046-a9f6-7f2f171301ba,Double Infinity,2025,1
9fa07bb4-8312-4cd7-a19a-4fdbc5797148,f80f77c3-4957-4e46-b68f-1201e34f2ce3,Away,2016,0
9fa07bb4-8312-4cd7-a19a-4fdbc5797148,decf761d-8cd4-4e01-aa1a-3cfe0c65cbb1,In the Rainbow Rain,2018,0
9fef8897-8e04-455c-9ac4-cb4c0f855dc5,64619a3f-ce7e-42d0-a02b-6becde57831b,Which Way Is Forward?,2020,0
9fef8897-8e04-455c-9ac4-cb4c0f855dc5,204d828c-aa55-4774-bc11-44d5863a926c,Some Nights I Dream of Doors,2022,0
9fef8897-8e04-455c-9ac4-cb4c0f855dc5,e3ea0e1c-ef3c-4cb6-9d94-edfcdf8d4e1c,Paradise Now,2025,1
a039f1f1-e664-4aee-a917-426514734aa0,83abe5fe-8769-4e03-8502-0562aa0a4190,Room Inside the World,2018,0
a0e8a1b1-5f8f-475a-a253-17415c17d0ff,be55ffec-5312-4275-ab1f-d6504b19bd61,The Divine Feminine,2016,0
a0e8a1b1-5f8f-475a-a253-17415c17d0ff,8bddc517-1322-40a9-b33b-c65248b52b54,Swimming,2018,0
a0e8a1b1-5f8f-475a-a253-17415c17d0ff,7f67df00-5741-41d0-a791-67089c09bfcb,Balloonerism,2020,0
a0e8a1b1-5f8f-475a-a253-17415c17d0ff,1a19e11b-106c-45fc-8452-387216ed18f7,Circles,2020,1
a1221205-1526-4474-9f10-caa822779fe2,31102b57-2f12-4135-861e-db72e86ba6a5,Dolls of Highland,2016,1
a1221205-1526-4474-9f10-caa822779fe2,a7dbb4ea-9f78-4dcf-b8e6-27f0204a9f3f,Girl Crazy,2017,0
a1221205-1526-4474-9f10-caa822779fe2,0991b7e4-0065-4ebe-96cc-fb68a53912a6,Full Circle Nightmare,2018,1
a1221205-1526-4474-9f10-caa822779fe2,5358cd17-a122-416e-b745-87e7ecd310a9,Showboat Honey,2019,0
a16371b9-7d36-497a-a9d4-42b0a0440c5e,9318347d-b4bc-4b50-bd5e-c9a9fcb9aa98,Slowdive,2017,1
a16371b9-7d36-497a-a9d4-42b0a0440c5e,0070ec11-d0ef-4df2-9cf8-f8a10f083f27,everything is alive,2023,1
a17342a6-e661-4874-9687-957caf010377,e1924ce1-866c-452f-b122-76389487cf67,Interloper,2018,0
a17342a6-e661-4874-9687-957caf010377,3ea2412d-f12d-4548-a576-1b7a4972d740,Two of Me,2020,0
a17342a6-e661-4874-9687-957caf010377,ec5569ea-191f-473a-8681-e0b947804f8a,Household Name,2022,0
a17342a6-e661-4874-9687-957caf010377,453f2f7b-fa88-4d29-bd43-a512464ef2d0,Welcome to My Blue Sky,2025,1
a181595e-5b84-4439-a5f4-f548ddfb64df,66c3706e-b0bd-480c-8825-f57d9d47294e,Life of Pause,2016,0
a181595e-5b84-4439-a5f4-f548ddfb64df,32f5b930-6f1b-4bbd-a58a-73e0b7818828,Indigo,2018,0
a181595e-5b84-4439-a5f4-f548ddfb64df,a8f82268-3453-444c-88b5-e2fad11c65d6,Hold,2023,0
a186c93d-0f30-4c56-9265-98c0eba19242,a8b0476e-9728-4fa8-86eb-2050d426c140,Wild and Reckless,2017,0
a186c93d-0f30-4c56-9265-98c0eba19242,610cc463-5c61-4a19-943f-eecd6c753c13,Holy Smokes Future Jokes,2020,0
a186c93d-0f30-4c56-9265-98c0eba19242,355f58ed-47ee-481a-9c93-23c6e823ff49,"100’s of 1000’s, Millions of Billions",2024,0
a1c29c2f-778f-4b02-9ac7-80f0c37cdea9,4ee48a71-7b83-4323-a9c5-22dc6d149f52,Pleasure,2017,0
a1c29c2f-778f-4b02-9ac7-80f0c37cdea9,1c58cd0b-4a32-4968-b93c-5b8bf0161673,Solo Pleasure,2017,0
a1c29c2f-778f-4b02-9ac7-80f0c37cdea9,2909072f-376e-4863-8bcb-53be36bcc585,Patience,2020,0
a1c29c2f-778f-4b02-9ac7-80f0c37cdea9,f02b72ca-6cf3-45c3-90b9-85214107fcf1,Avatars of Love,2022,0
a1c29c2f-778f-4b02-9ac7-80f0c37cdea9,cf5721be-985d-475a-867f-9a46627b3a80,Understudy,2023,0
a1ced3e5-476c-4046-bd74-d428f419989b,c3bf0d54-af8a-4200-a71d-3212f955f6bb,Not to Disappear,2016,1
a1ced3e5-476c-4046-bd74-d428f419989b,24b9a34a-1b2a-4fa5-b55d-88fdcf12f4b5,Stereo Mind Game,2023,1
a1e94252-6129-4747-ac5e-d9ffc5fd725e,290f3678-dd7c-449a-ae4e-b404da75391d,New Compassion,2018,0
a1e94252-6129-4747-ac5e-d9ffc5fd725e,46099b9a-d0da-44bd-b8ac-32a93dd9da05,Dream Nation,2021,0
a1e94252-6129-4747-ac5e-d9ffc5fd725e,495148b6-3576-4ef9-be0d-ac3ce6d5150c,Laguna Road,2025,0
a21b2652-62ed-4767-a3d2-0aa802abf080,8b51232b-7a99-46a0-9696-79e658049d55,Hotel Surrender,2021,0
a23b8dc2-97f4-4eab-a76d-dc3b2ef4b537,c62f6f2d-d97f-42a2-a006-6c5ed109403d,Fake Sugar,2017,1
a2a72dba-3a08-43c4-859c-4c7f5fcc9599,aa7f77ae-354f-4325-9dae-f0a29f8035f5,Christmas With Jon Batiste,2016,0
a2a72dba-3a08-43c4-859c-4c7f5fcc9599,220e291e-d242-4893-9302-19c47a30938f,Hollywood Africans,2018,0
a2a72dba-3a08-43c4-859c-4c7f5fcc9599,c9dda39d-016a-42ed-83a6-395226ab0f87,Meditations,2020,0
a2a72dba-3a08-43c4-859c-4c7f5fcc9599,eeb0cb68-afe0-4800-b91c-e0b559e0724f,WE ARE,2021,1
a2a72dba-3a08-43c4-859c-4c7f5fcc9599,4c894acb-b0fd-49ce-93ad-7cea649d8ab8,World Music Radio,2023,0
a2a72dba-3a08-43c4-859c-4c7f5fcc9599,3af37111-ba59-4281-8056-3a2d75ae26b4,Beethoven Blues,2024,0
a2a72dba-3a08-43c4-859c-4c7f5fcc9599,d2ea71d6-f49a-4c35-80df-3da85d71d748,The New Orleans Collection,2025,0
a2a72dba-3a08-43c4-859c-4c7f5fcc9599,0c48581a-294d-42c0-9331-2794a7bd0529,BIG MONEY,2025,0
a2c99f22-d4e1-44a6-b131-78cbd4524c46,098c3628-5da9-4377-be73-0319c2ac4fe7,Mad Lives,2017,0
a33a9cd6-8c03-4047-b62d-59f76f494c20,b752b629-8752-41e2-a997-84d5ac5664b6,The Seeker,2016,0
a33a9cd6-8c03-4047-b62d-59f76f494c20,60e0e8f7-86c0-4c4e-8162-a88a289cd715,Metamorphosis,2022,0
a33a9cd6-8c03-4047-b62d-59f76f494c20,fdab96bb-972b-4ce0-89d4-f96a205f4668,Alchemy Creek,2024,0
a357b4fb-b0ca-4b4e-9b6b-2030bb2ce2d6,d373c42a-8af2-42e8-97b8-f2cef1a958d6,HEAVN,2016,0
a357b4fb-b0ca-4b4e-9b6b-2030bb2ce2d6,c5f84905-0f9c-4e2b-8a56-b2ff60464a76,LEGACY! LEGACY!,2019,1
a357b4fb-b0ca-4b4e-9b6b-2030bb2ce2d6,7509208a-12b6-4812-885b-6ca0f0b30e04,Water Made Us,2023,1
a3cb23fc-acd3-4ce0-8f36-1e5aa6a18432,e60cff6f-8ff9-44d1-a031-c5bd3cbb2dbe,Songs of Experience,2017,0
a3cb23fc-acd3-4ce0-8f36-1e5aa6a18432,f8d10640-6e3a-49df-9786-1f741d672ce0,Songs of Surrender,2023,0
8a338e06-d182-46f2-bd16-30a09bc840ba,ccb7c7cf-361e-4439-87ba-56c1f540ae29,Look Now,2018,1
8a338e06-d182-46f2-bd16-30a09bc840ba,f384784f-7044-4ee6-a5f5-a5ddca47487b,The Boy Named If,2022,0
a4584a84-3a14-430c-933f-cc2147842d04,dd22b8c4-1745-4dea-8af2-111d7a94214e,The Love That’s Ours,2022,0
a46c2fea-ec1d-44c1-88f1-dbc6c62a8acc,9cd417b6-58f4-4821-85ae-ae5b90280ccb,From Where I Started,2017,1
a496a1e6-0ceb-4489-8280-45dfaf9750be,3f4ed88f-9b1e-4172-952a-6d41c525a9d8,case/lang/veirs,2016,1
a4b4762e-2f1a-4bb8-8f2b-72388da8ab72,4c70f53b-e992-4612-b7e3-b4ec59aba4dd,Electrophonic Chronic,2023,0
a505bb48-ad65-4af4-ae47-29149715bff9,c679f73e-8085-4916-8bf7-cd5682eab497,The Temple of I & I,2017,0
a505bb48-ad65-4af4-ae47-29149715bff9,bea23198-4058-486c-98c6-6a7642f79800,Treasures From the Temple,2018,0
a505bb48-ad65-4af4-ae47-29149715bff9,1ca936c1-67ad-4534-9d9c-f54225eee2ed,Symphonik,2020,0
a6623d39-2d8e-4f70-8242-0a9553b91e50,e27e2c64-8e49-43d2-8468-c3b484cf11f0,Wildflower,2016,1
a6623d39-2d8e-4f70-8242-0a9553b91e50,ad5a6f0f-3444-4ebd-8a98-ce6dfb1bfabe,We Will Always Love You,2020,0
a668565b-41b8-44a8-9d5c-8e609dbf69fc,23d1120b-1951-43d4-8c82-6a95540d5532,Teenage Emotions,2017,0
a668565b-41b8-44a8-9d5c-8e609dbf69fc,3bbc44fd-f60f-4974-9ca4-d1618541117f,Lil Boat 2,2018,0
a668565b-41b8-44a8-9d5c-8e609dbf69fc,3df4240f-13d1-426d-8820-51a24b34819c,Nuthin’ 2 Prove,2018,0
a668565b-41b8-44a8-9d5c-8e609dbf69fc,2168ded4-6bdc-4720-9d6a-6ebc0965f84d,Lil Boat 3,2020,0
a668565b-41b8-44a8-9d5c-8e609dbf69fc,d1be3d86-3756-46f1-ba44-7d5a49290efc,Let’s Start Here.,2023,1
a668565b-41b8-44a8-9d5c-8e609dbf69fc,aaac76ca-98dd-44de-89bf-984bee760309,Bad Cameo,2024,0
a66999a7-ae5c-460e-ba94-1a01143ae847,a789b87c-5727-4380-9868-ee8595d360c0,Wildness,2018,0
a66999a7-ae5c-460e-ba94-1a01143ae847,44a4f9dd-1cfb-4d57-903b-b3ea56158b67,The Forest Is the Path,2024,0
a66cc38c-e6cd-4725-a8fd-7d32b998347f,914d17f1-175a-4efa-9935-0aec39ce9ef3,This Night Falls Forever,2018,1
a670e05a-cea8-4b37-bce9-d82daf1a0fa4,d850a18f-f616-41f3-9292-9d47727371f2,Pleasure,2017,1
a670e05a-cea8-4b37-bce9-d82daf1a0fa4,28db34db-f4a4-46f4-b316-f3dd6fda1e4f,Multitudes,2023,1
a74b1b7f-71a5-4011-9441-d0b5e4122711,bbce0087-d386-4246-a51d-dbcdfdbe8fb2,A Moon Shaped Pool,2016,1
a7537f5b-ef6f-424e-9f4d-9b990cb8866f,c9206b6e-bf2e-44fd-8e0f-4a3b0fd5aa31,Model Express,2018,0
a7537f5b-ef6f-424e-9f4d-9b990cb8866f,f97e5de3-2714-4f36-b7c1-09b07ff55a0c,What’s Tonight to Eternity,2020,0
a7537f5b-ef6f-424e-9f4d-9b990cb8866f,6ff8723d-35a3-4a2a-9f8d-77559f31696b,Cat o’ Nine Tails,2020,0
a7537f5b-ef6f-424e-9f4d-9b990cb8866f,442d3e54-f7f2-45b7-a743-61e0c2372284,Diamond Jubilee,2024,1
a80c5dc5-b12e-4667-9f5a-b568961f3839,d568d976-f77d-4283-964b-79f100c693f0,Run the Jewels 3,2016,1
a80c5dc5-b12e-4667-9f5a-b568961f3839,46dc2b09-a6b1-4271-bf1d-01f3b3b95c23,RTJ4,2020,1
a82f36ee-b394-45dc-8303-0e61f968c285,cd01c0a0-e87e-4372-b233-77cfbc81e219,Scavengers,2017,0
a8982cb0-7886-4e60-9f6a-3b71baa370e6,254bbf53-2066-4867-8f44-a6671f33ff22,Yours Conditionally,2017,0
a8982cb0-7886-4e60-9f6a-3b71baa370e6,cba72e98-890d-4a56-a36b-ca7708ca1d15,Swimmer,2020,0
a8982cb0-7886-4e60-9f6a-3b71baa370e6,5c5463c8-1e37-40b8-a968-f696f75e29b7,Pollen,2023,0
a8982cb0-7886-4e60-9f6a-3b71baa370e6,d1496a49-22c9-4e6a-94fb-2bf8a4afcdcc,Face Down in the Garden,2025,0
a8982cb0-7886-4e60-9f6a-3b71baa370e6,03ed796f-536b-44dc-bd3c-ee3baaef4d71,Neutral Poetry,2025,0
a8d894ce-0e6b-4ddd-a49b-46f6330a590f,17ce7b90-08c3-425c-a756-c0fe777a219f,I Love My Mom,2018,0
a8d894ce-0e6b-4ddd-a49b-46f6330a590f,34ef3688-9601-41ed-8ade-7fa557d42581,Any Shape You Take,2021,1
a8d894ce-0e6b-4ddd-a49b-46f6330a590f,08d1b7a6-03bf-498c-b41e-f9e66b5d0322,All of This Will End,2023,1
a8d894ce-0e6b-4ddd-a49b-46f6330a590f,268d7fcd-59db-463c-bcea-905f2bb71fa2,Precipice,2025,1
a8ebde98-7e91-46c7-992c-90039ba42017,35a495da-d003-4457-87e0-934de0274351,and the Anonymous Nobody…,2016,1
a8ebde98-7e91-46c7-992c-90039ba42017,05e414ac-82dd-4fbd-bd85-a6d294c8a1df,Cabin in the Sky,2025,1
a9126556-f555-4920-9617-6e013f8228a7,d428dcbb-594b-491b-a2f8-deed6f398546,With Animals,2018,0
a9126556-f555-4920-9617-6e013f8228a7,11cf6a36-2202-40aa-8b52-967513cf1e79,Downwelling,2019,0
a9126556-f555-4920-9617-6e013f8228a7,6d0e08c1-e7f4-4fce-bdfa-5923d3d68486,Straight Songs of Sorrow,2020,0
a9126556-f555-4920-9617-6e013f8228a7,30a3d13a-7f4a-45f8-b2b3-1e4e5b6e2f0e,Dark Mark Does Christmas 2020,2020,0
a9126556-f555-4920-9617-6e013f8228a7,0660fec5-c631-46d4-a1b2-f9e3b8e554cd,Dark Mark vs Skeleton Joe,2021,0
a96ac800-bfcb-412a-8a63-0a98df600700,e3af9c96-14e3-4a69-8091-1e2e4d6ea725,The Golden Casket,2021,1
a9747313-da0d-414c-ad81-5fe89a5245d4,36b639db-92a6-4af5-8a06-68cdf5acd0b6,Dead Pioneers,2023,0
a9747313-da0d-414c-ad81-5fe89a5245d4,9880abbf-a887-47c4-a131-625af3a619b8,PO$T AMERICAN,2025,1
aa0a54b3-d37e-4c1d-a53f-b3b94a3dfcad,54932b97-aec5-4a06-8d28-ac0cfc277b1f,Private Energy,2016,0
aa0a54b3-d37e-4c1d-a53f-b3b94a3dfcad,3c094040-348b-4077-b475-e49b40fb074d,Island Universe Story Four,2018,0
aa0a54b3-d37e-4c1d-a53f-b3b94a3dfcad,8f15d44a-5ee7-442e-ab53-e99b6d45adb3,This Is How You Smile,2019,0
aa0a54b3-d37e-4c1d-a53f-b3b94a3dfcad,1c16e634-5e81-439b-8b64-a8535938d8d4,Far In,2021,1
aa0a54b3-d37e-4c1d-a53f-b3b94a3dfcad,0787cfb2-91a2-483b-aa9b-0d6750f78010,Phasor,2024,0
aa7a2827-f74b-473c-bd79-03d065835cf7,a0ef4495-f844-4d32-956a-c46a00a409be,Always Ascending,2018,0
aa7a2827-f74b-473c-bd79-03d065835cf7,f684cb43-eb20-457a-a832-39bcc7d7ffb3,The Human Fear,2025,0
aa914efa-d6cb-4816-906f-8edafb08418e,1452374b-8d70-4221-9be4-795d6f72a514,Blood,2018,0
aa914efa-d6cb-4816-906f-8edafb08418e,933485eb-75d6-451c-a938-e017b3dd9857,Spirit,2019,0
aa914efa-d6cb-4816-906f-8edafb08418e,d7a25190-7dc1-4734-97bf-e4a360f99cda,Home,2021,0
aa914efa-d6cb-4816-906f-8edafb08418e,4e4a2057-0c84-4ad9-8d05-d51cfc9d5b6a,Passing,2023,0
aba64937-3334-4c65-90a1-4e6b9d4d7ada,fff783b6-8190-477c-b526-2fec492b98f9,The Impossible Kid,2016,1
aba64937-3334-4c65-90a1-4e6b9d4d7ada,3712e4af-7252-4426-b514-0b467b44934f,Malibu Ken,2019,0
aba64937-3334-4c65-90a1-4e6b9d4d7ada,41e3b037-f9e7-4d57-ba10-5d1ceca56e01,Spirit World Field Guide,2020,1
aba64937-3334-4c65-90a1-4e6b9d4d7ada,842eeeec-6aab-4e62-acc1-5a3504327844,Garbology,2021,1
aba64937-3334-4c65-90a1-4e6b9d4d7ada,4bcbcfa4-d977-4f17-9f03-aeac6f08f164,Integrated Tech Solutions,2023,0
aba64937-3334-4c65-90a1-4e6b9d4d7ada,c34d3356-a0f8-4d42-8b37-053629a18cae,Black Hole Superette,2025,1
aba64937-3334-4c65-90a1-4e6b9d4d7ada,83cf8386-f25b-483c-a4b1-dcda4ca93d5f,I Heard It’s a Mess There Too,2025,0
acc25e07-3392-437a-b409-ed73b47f3d59,28784824-ea38-4044-9720-e68bfb70ff1f,Résistance,2017,0
acc25e07-3392-437a-b409-ed73b47f3d59,6edde8f8-fce8-4ddf-9ae8-9d334bf5c441,Optimisme,2020,1
acc25e07-3392-437a-b409-ed73b47f3d59,8eade05c-9da2-4de3-b4b1-f071ec07d658,Héritage,2025,0
ada7a83c-e3e1-40f1-93f9-3e73dbc9298a,97ee3a0f-183b-4830-aa5c-45507a084d37,Tranquility Base Hotel + Casino,2018,1
ada7a83c-e3e1-40f1-93f9-3e73dbc9298a,249d7049-7d56-497b-abfe-464e3c535daf,The Car,2022,1
ae65c507-d9a0-4d42-9a6c-2b1f82158b9f,cf39d16f-67bf-4d04-a0a3-177a93eba453,ENERGY,2020,0
ae65c507-d9a0-4d42-9a6c-2b1f82158b9f,87610b6a-ae1f-4c2b-8fd3-9ff34b0ce7fe,Alchemy,2023,0
aea4c9b9-9f8d-49dc-b2ca-57d6f26e8634,62074290-985b-4220-a796-b752112e73c7,Con todo el mundo,2018,1
aea4c9b9-9f8d-49dc-b2ca-57d6f26e8634,53e6ec80-ddc7-4db8-80f8-5e081545c856,Mordechai,2020,1
aea4c9b9-9f8d-49dc-b2ca-57d6f26e8634,659e3857-e5cf-47b9-8218-2c7a70d85199,Ali,2022,0
aea4c9b9-9f8d-49dc-b2ca-57d6f26e8634,758d7fb2-fa83-4276-aa20-f7e5120e4002,A LA SALA,2024,1
aea4c9b9-9f8d-49dc-b2ca-57d6f26e8634,a87c2a17-d297-4980-a66f-f87fa4e203e3,The Universe Smiles Upon You ii,2025,0
aea5a115-b437-4d93-aa2e-fd829b8cfd1f,2dd68c7f-e3a4-43b2-ba74-8d6ddcd51c2e,Swansea,2019,1
aef06569-098f-4218-a577-b413944d9493,6e666e4f-5f7e-42cb-8989-c7b9aa12f470,Something to Tell You,2017,0
aef06569-098f-4218-a577-b413944d9493,73b8f504-93e5-483d-918d-1006ca3a315c,"Women in Music, Pt. III",2020,1
aef06569-098f-4218-a577-b413944d9493,86fdc55b-464f-4f6a-bcf7-86acf2964e87,I quit,2025,1
aefdb4bd-a25a-4e73-9c8d-4443eaff3a86,a346edb6-4252-4a00-9b4b-fd8560d7a9ad,Failure Sculptures,2019,0
aefdb4bd-a25a-4e73-9c8d-4443eaff3a86,9be71026-b09d-4f20-8659-f122a014eaba,Bright Soil,2023,0
af00f655-402f-4d80-bb83-de525cde7a8d,54317cf7-bcf9-4011-bbda-45084c2a55bc,Shiver,2020,0
af00f655-402f-4d80-bb83-de525cde7a8d,a71b9dd0-9f1e-46e4-b584-9f059e83bbe8,Obsidian,2021,0
af00f655-402f-4d80-bb83-de525cde7a8d,03f4f497-f82c-4396-bfff-2644ed8fea3b,Sounds of Fischer Vol. 1,2022,0
af00f655-402f-4d80-bb83-de525cde7a8d,c0e7e8ff-a243-4216-95bd-27c3aa691901,First Light,2024,0
af37c51c-0790-4a29-b995-456f98a6b8c9,1e083685-2e58-40eb-81ef-4163c26e01d6,Father of the Bride,2019,1
af37c51c-0790-4a29-b995-456f98a6b8c9,91ee3856-0ee6-467d-b01d-9d529affc9f4,Only God Was Above Us,2024,1
af9e8d94-d471-4f91-82c7-250c22545162,793a4b06-2919-4030-91db-733d1d7c9ae6,Future Politics,2017,0
af9e8d94-d471-4f91-82c7-250c22545162,b05d4436-bdf0-42f4-9b24-b2d0d0541159,HiRUDiN,2020,0
af9e8d94-d471-4f91-82c7-250c22545162,86724f48-b08b-4083-a0eb-5e970fe4ead9,Chin Up Buttercup,2025,0
afb6cc6d-a060-4f5e-bc3a-00d4b6832e41,33e4b8c0-9306-4ed1-95ca-86f15b852292,Juno,2021,0
afb6cc6d-a060-4f5e-bc3a-00d4b6832e41,9fc40af7-4b44-4f63-a27b-fed0545f28d0,Big Ideas,2024,1
b0412e30-6200-4972-94b3-efd0c76534ea,7b016fde-5791-4b62-8dca-95021a01b6e8,Floating Harmonies,2016,1
b0412e30-6200-4972-94b3-efd0c76534ea,e64e4061-5b6f-4961-b1bd-65e99eaa35f5,Across the Borders,2019,0
b0412e30-6200-4972-94b3-efd0c76534ea,00b69f5f-a8de-4d4c-8456-711bd64f3f16,Guru,2022,0
b053efc9-e8ea-474a-981f-a3c6fffcc694,23573120-b2c9-49b5-9db3-e1621aa9b775,The Navigator,2017,1
b053efc9-e8ea-474a-981f-a3c6fffcc694,3d9a5964-9285-4ceb-9e61-0a7d6ed7b453,Life on Earth,2022,1
b053efc9-e8ea-474a-981f-a3c6fffcc694,69d92c18-f4f8-4948-99fa-e6d0c6f98498,The Past Is Still Alive,2024,1
b0635f14-7d93-4276-8943-6bc251aea033,18b6065f-b010-4ee7-add5-0611d5f46348,Lost Time,2016,1
b0635f14-7d93-4276-8943-6bc251aea033,9f5e55ef-59b4-4cfd-ae93-480a9650cad1,This Mess Is a Place,2019,1
b0fa8b31-87cb-43ad-9f15-179725c1e3b6,5cfda388-95e4-41c5-a013-4b1b591ee2df,See You Later Simulator,2018,0
b0fa8b31-87cb-43ad-9f15-179725c1e3b6,a0771e12-bd0c-4a11-91b3-338c843bb4b0,Vultures,2021,0
b1570544-93ab-4b2b-8398-131735394202,445b2a40-7426-4607-b96a-5d6180e334a2,Amnesty (I),2016,0
b1cd7f1a-96a9-4990-a991-34b44088a756,559d0db0-1bb6-4271-9379-c6337548563b,Get Well Soon,2021,1
b1cd7f1a-96a9-4990-a991-34b44088a756,82550c7b-b0fe-4972-90db-cfbf1b77532b,Aquamarine,2024,1
b23e8a63-8f47-4882-b55b-df2c92ef400e,fdec9bd2-4dc3-4311-99ad-722cb5016ce5,Marauder,2018,1
b23e8a63-8f47-4882-b55b-df2c92ef400e,79b8aebb-c519-473a-9580-6c5ac0141d29,The Other Side of Make‐Believe,2022,0
b2595e56-5e19-43e1-8e6a-3e27fc7f7476,ff474267-cb3c-4312-8131-ff399aedcf81,Omni,2016,1
b2595e56-5e19-43e1-8e6a-3e27fc7f7476,a9508029-ad3e-4aec-a665-ecb26f1ef8cd,Ultra,2018,1
b29020d6-5dbf-4c99-b16f-c009f8a712ff,c1be618a-18a0-4c40-8f85-0a9e0637a355,Apollo XXI,2019,0
b29020d6-5dbf-4c99-b16f-c009f8a712ff,ab1c1fd8-f769-4d78-90bc-4677f8ad8c22,Gemini Rights,2022,1
b3d5b1c9-95df-42ea-83eb-c86b18f61f8d,696ef140-c042-41ea-a853-2b5c5097d467,Snow,2017,1
b45335d1-5219-4262-a44d-936aa36eeaed,8eb0e1b1-1c10-4706-acc3-aca5716b7c5c,Ladytron,2019,0
b45335d1-5219-4262-a44d-936aa36eeaed,a524a040-2b8c-4980-aaab-bfd51c1c80cc,Time’s Arrow,2023,0
b46efb1e-ecd9-4044-9820-14c64c2d657e,c678d042-12c1-48ce-8557-71e847aa7831,Mid Air,2023,1
b476264b-dcdc-4cbf-bd40-9eddaf5a6942,e7cf0966-4de7-42e7-b28e-20f015919703,If We Live Forever,2019,0
b4b5b5a7-feff-47d0-9458-83d0d135a692,2a2c8c4f-0a4e-4e30-a8de-bdefc6fafa6f,Petals for Armor,2020,0
b4b5b5a7-feff-47d0-9458-83d0d135a692,acd5f25f-5a17-46cb-bf79-c9e19384e46a,FLOWERS for VASES / descansos,2021,0
b4b5b5a7-feff-47d0-9458-83d0d135a692,15c3b397-9652-4537-a14b-7eb8489092ff,Ego Death at a Bachelorette Party,2025,1
b4c8edcb-9cc9-4900-89cc-6d8b9817d6c8,677a841f-0da8-4509-8628-f69703b5b21e,Blushing,2019,0
b4c8edcb-9cc9-4900-89cc-6d8b9817d6c8,0cdbfda4-585b-4d45-bb21-95e318970359,Possessions,2022,1
b4c8edcb-9cc9-4900-89cc-6d8b9817d6c8,451afaf8-3b0a-4055-8358-317c1b351717,Sugarcoat,2024,0
b51f07c9-a42c-4ea7-b5ed-ce4b7f47101a,99537b68-419e-43a2-a1bd-8f1a8f47e50b,Keepsake,2019,1
b51f07c9-a42c-4ea7-b5ed-ce4b7f47101a,caae693a-ba31-4408-948d-e1c62f66ae97,Giving the World Away,2022,1
b51f07c9-a42c-4ea7-b5ed-ce4b7f47101a,f3d448bb-7105-438b-831a-52e73a82dffb,Liquorice,2025,1
b569861e-935b-434e-b521-7f77991299aa,a259fb18-a782-43e6-a40f-7517c85891dd,Bonny Light Horseman,2020,1
b569861e-935b-434e-b521-7f77991299aa,aa398297-251d-4071-978b-14eac6a1b87c,Rolling Golden Holy,2022,0
b569861e-935b-434e-b521-7f77991299aa,90b38daf-c32c-4d35-a8ef-d051d70a4215,Keep Me on Your Mind/See You Free,2024,1
b574bfea-2359-4e9d-93f6-71c3c9a2a4f0,d83178d3-82da-460d-a7b7-481212c50407,Sleeping Through the War,2017,0
b574bfea-2359-4e9d-93f6-71c3c9a2a4f0,0d1e495c-f25f-4792-bb20-00a6f58e0e56,ATW,2018,1
b574bfea-2359-4e9d-93f6-71c3c9a2a4f0,8188a5e9-c9b1-41ce-b8e4-602f3b7e1ea8,Nothing as the Ideal,2020,0
b5adb729-a140-4994-baae-6f320eb88454,4a21442a-a1f2-4314-82d9-305286a7cb2b,Monolith,2017,1
b5bd9f88-962e-4730-84a7-795592ba42e8,10bbffa8-2809-4666-9041-7219d6920fae,Widow’s Weeds,2019,0
b5bd9f88-962e-4730-84a7-795592ba42e8,b22122f9-a8c7-473a-b988-5d9224edeb9f,Physical Thrills,2022,0
b5c4ffa2-82e1-4b72-b7f3-c60afb74b860,3f6dcbee-176d-4993-ab24-8c40422e3352,Ouroboros,2016,0
b5c4ffa2-82e1-4b72-b7f3-c60afb74b860,351b38f3-b847-4dbd-ac4b-90639706a808,Part of the Light,2018,0
b5c4ffa2-82e1-4b72-b7f3-c60afb74b860,36e1bc7d-8995-44bd-9772-2ac67e430e0a,Monovision,2020,0
b5c4ffa2-82e1-4b72-b7f3-c60afb74b860,43bb88ea-9310-4fa5-a577-75e403d32429,Long Way Home,2024,0
b5ff61dd-0154-4e80-b46b-c733f87db602,6bc76f2d-2fe2-40dd-bb71-ec0340f95383,Is the Is Are,2016,1
b5ff61dd-0154-4e80-b46b-c733f87db602,f34571bf-03f3-4fcb-b994-699186815ca9,Deceiver,2019,1
b5ff61dd-0154-4e80-b46b-c733f87db602,d90290b3-5187-4a06-bf65-d5b327cabad9,Frog in Boiling Water,2024,1
b60c8ec7-f8a7-424f-ae88-b1b2fcbe1aab,233797e9-3a65-4bfc-92a3-040be52d1bd0,Save the Baby,2022,1
b60c8ec7-f8a7-424f-ae88-b1b2fcbe1aab,f55dba1b-6e7a-436b-a829-0b012be3c013,Home in Another Life,2024,0
b60fd6f1-a47a-4021-b8df-83f8e8893e91,6a6b9cb9-92c1-45ff-b4ed-940887fc04ca,This Could Be Texas,2024,1
b625448e-bf4a-41c3-a421-72ad46cdb831,2d7b07d9-9cf4-4ef1-8033-668bd98e9da1,Both Directions at Once: The Lost Album,2018,0
b62ecfe7-b2e6-4d40-b7d2-8f12d3f51ed6,1a786448-ed71-4f5b-9291-b4b3ab445739,Omnion,2017,0
b62ecfe7-b2e6-4d40-b7d2-8f12d3f51ed6,df95440c-2999-4fe9-8e7e-b20e62ad6d23,In Amber,2022,0
b675f327-4738-4af4-bb83-1adb0003f2d3,3a528b0d-b4ee-4aa4-a95a-3c43572af403,Serpent Music,2016,0
b675f327-4738-4af4-bb83-1adb0003f2d3,08935b2f-dc6e-4af2-a9be-ca4ac28285f0,Safe in the Hands of Love,2018,0
b675f327-4738-4af4-bb83-1adb0003f2d3,448bf766-1101-4554-9b23-2d3b254a984d,Heaven to a Tortured Mind,2020,1
b675f327-4738-4af4-bb83-1adb0003f2d3,7a7d42ce-73e2-433d-a774-148eb8727e0a,"Praise a Lord Who Chews but Which Does Not Consume; (Or Simply, Hot Between Worlds)",2023,1
b6b2bb8d-54a9-491f-9607-7b546023b433,48ddd89c-a4cf-4de4-a71a-a74dd59241ca,Head Carrier,2016,1
b6b2bb8d-54a9-491f-9607-7b546023b433,f69f1fc7-d31e-41ca-b0c8-1475c0d08b64,Beneath the Eyrie,2019,0
b6b2bb8d-54a9-491f-9607-7b546023b433,4880b3c5-1c7b-485e-a6aa-8d9bbe6e0440,Doggerel,2022,0
b6b2bb8d-54a9-491f-9607-7b546023b433,29d10b6a-e912-4820-a26a-29f1410c85e6,The Night the Zombies Came,2024,0
b6fa9b9b-41cf-45a6-adc0-0a4c9a8c0d3c,d1fb01d1-e07a-48fc-a165-e102c81bd78b,V,2019,0
b6fa9b9b-41cf-45a6-adc0-0a4c9a8c0d3c,0c411624-71b7-489c-b1ad-14a53182dee1,Long in the Tooth,2020,1
b6fa9b9b-41cf-45a6-adc0-0a4c9a8c0d3c,8bfcadab-015f-4c87-ac11-72deb2635c3f,VII,2025,1
b7539c32-53e7-4908-bda3-81449c367da6,4f2ec6cd-b15f-4c53-af6e-f8848811b902,Lust for Life,2017,1
b7539c32-53e7-4908-bda3-81449c367da6,24fd0887-9e83-42e3-b27e-e7f89ead4c03,Norman Fucking Rockwell!,2019,1
b7539c32-53e7-4908-bda3-81449c367da6,b76289b0-605e-495e-b9f4-80437b70c94e,Chemtrails Over the Country Club,2021,1
b7539c32-53e7-4908-bda3-81449c367da6,34162ed6-93e7-4eeb-ab15-454836b5732e,Blue Banisters,2021,0
b7539c32-53e7-4908-bda3-81449c367da6,247ec1bd-06a6-4faa-af47-f64d7caa1f71,Did you know that there’s a tunnel under Ocean Blvd,2023,1
b76c1bf7-f33b-460c-bfc3-f140d023fc94,64053866-6dfd-4215-adec-4d4eb3d698ff,The Order of Time,2017,0
b76c1bf7-f33b-460c-bfc3-f140d023fc94,82ef3d3c-0276-4596-aeee-ee4a418280aa,The Moon and Stars: Prescriptions for Dreamers,2021,1
b76c1bf7-f33b-460c-bfc3-f140d023fc94,a44e39b2-4527-46b5-906a-942e6fe72e3d,"Owls, Omens, and Oracles",2025,0
b7c4125d-2867-4e29-ba44-b19a69309c68,e8eedd72-4fc9-4327-bde8-a5053cacbeda,Eternally Even,2016,1
b7c4125d-2867-4e29-ba44-b19a69309c68,ecc9a8f8-dab3-46b6-a744-d98b42eb3985,Tribute to 2,2017,0
b7c4125d-2867-4e29-ba44-b19a69309c68,a46cdbb4-6b02-4faf-ab09-9f24076d56a3,Uniform Distortion,2018,0
b7c4125d-2867-4e29-ba44-b19a69309c68,74e26622-ad81-4683-a56f-4fef55d61790,Uniform Clarity,2018,0
b7c4125d-2867-4e29-ba44-b19a69309c68,a424d956-a59b-4d45-88a8-61884273341c,The Order of Nature,2019,0
b7ddce8b-9e5c-46bd-9d33-41b134ce1a7f,4a6a32f8-8b07-4435-8b2f-5a6b88e2aa53,Cry Cry Cry,2017,1
b7ddce8b-9e5c-46bd-9d33-41b134ce1a7f,d971359a-0c65-4e3e-b73b-2c7d5d786444,Thin Mind,2020,1
b7ffd2af-418f-4be2-bdd1-22f8b48613da,a63e5fa6-d6ad-47bd-986d-4a27b0c9de70,Bad Witch,2018,1
b7ffd2af-418f-4be2-bdd1-22f8b48613da,4f831f68-27a2-4620-9e6e-f6a6d6b2952f,Ghosts V: Together,2020,0
b7ffd2af-418f-4be2-bdd1-22f8b48613da,ea50fabb-8eed-4adc-bee2-6474194f3aa7,Ghosts VI: Locusts,2020,0
b8e3d1ae-5983-4af1-b226-aa009b294111,9e2882b6-b68d-42f3-81e4-5f5d73d14837,The Destroyer — 1,2019,1
b8e3d1ae-5983-4af1-b226-aa009b294111,af08d324-4953-4bca-8964-0b085d314d1d,The Destroyer — 2,2019,0
b8e3d1ae-5983-4af1-b226-aa009b294111,b7b38a7b-44c5-4e9a-8f8a-982acf5efe67,Destroyer Vol 1 & 2,2022,0
b8e3d1ae-5983-4af1-b226-aa009b294111,3a003e64-3f0b-4d71-9248-a343ff347962,Performance,2024,0
b949a783-214b-429d-a184-4e75c0f8be9c,5a72024a-5fb3-472d-b0f1-9ab5ba473896,19 MASTERS,2022,0
b949a783-214b-429d-a184-4e75c0f8be9c,263229a9-fe0a-4600-ac70-3d58a9648b77,QWERTY II,2024,0
b949a783-214b-429d-a184-4e75c0f8be9c,c44a46d5-d745-49d9-930f-18f76b7fb017,SAYA,2025,1
b9a2a9a6-7a40-48a6-bcb1-8eff5b89ad5b,fd9b6e70-a30c-452c-ba9d-0c28e4a010e0,You Know Who You Are,2016,1
b9a2a9a6-7a40-48a6-bcb1-8eff5b89ad5b,1192a49b-0cd6-432e-ab13-1b122c0b9e11,Never Not Together,2020,0
b9a2a9a6-7a40-48a6-bcb1-8eff5b89ad5b,37ffc9e6-f580-4c4a-9e60-68fe9ccfd162,Moon Mirror,2024,1
ba2f4f3b-0293-4bc8-bb94-2f73b5207343,33eaf2af-1f45-4d1a-98b5-bb05f199de2a,"Barbara Barbara, we face a shining future",2016,1
ba2f4f3b-0293-4bc8-bb94-2f73b5207343,0252b002-a462-450d-83ec-85129af179af,Strawberry Hotel,2024,0
ba853904-ae25-4ebb-89d6-c44cfbd71bd2,27cafe53-6ee8-4be7-bdb8-6e28b9a0856b,The Ballad of Darren,2023,1
baf05baf-69fb-47dd-93c2-033536b8c385,4230612f-f9e0-4d70-a969-b10f2cf4539b,"By the Way, I Forgive You",2018,1
baf05baf-69fb-47dd-93c2-033536b8c385,f72c752e-599f-40f0-b1db-ec74319303e0,In These Silent Days,2021,1
baf05baf-69fb-47dd-93c2-033536b8c385,40bf8997-7983-427a-9379-06d02b7029aa,Who Believes in Angels?,2025,0
baf05baf-69fb-47dd-93c2-033536b8c385,57acb85c-ec18-4e4c-8c6a-9052a7115ece,Returning to Myself,2025,1
bb3cbea2-5ad4-4917-bc84-8a1975d40315,555c91cf-791b-43cd-8079-a9f5677c0639,Radio Silence,2017,0
bb3cbea2-5ad4-4917-bc84-8a1975d40315,f01e8527-d236-4a7d-8d15-d054fc9f3db7,Blackstar,2020,0
bb3cbea2-5ad4-4917-bc84-8a1975d40315,abde24f0-db06-4257-9307-1207bc29a1b4,Black Star NYC,2021,0
bb3cbea2-5ad4-4917-bc84-8a1975d40315,ecc91ebc-205c-4172-a014-8e7f035b1c97,Liberation 2 Instrumentals,2023,0
bb3cbea2-5ad4-4917-bc84-8a1975d40315,338b4b50-9c83-4468-a22b-c15313593c46,Liberation 2,2023,0
bb3cbea2-5ad4-4917-bc84-8a1975d40315,68c18576-057c-4cd9-93c7-22bf72a0adba,Holy Daze,2023,0
bb3cbea2-5ad4-4917-bc84-8a1975d40315,3a8cf7b2-3301-47cf-b2d5-eac743229800,The Confidence of Knowing,2024,0
bb5edacd-c97d-42df-9174-2fa7abbf69ee,40625810-9dd2-4827-960a-f299ff9b898d,Lost in Slow Motion,2016,0
bb861349-25f2-4e90-ab38-bde20ef9849e,bff9c169-21f4-42aa-85f1-0cff1e162fae,The Messenger,2018,0
bb861349-25f2-4e90-ab38-bde20ef9849e,54cd1244-81b3-40b7-b89d-91100cd56596,The Misfit,2022,0
bb861349-25f2-4e90-ab38-bde20ef9849e,380a21fb-c77c-4df3-94a8-84721af2b714,A Lifetime of Riding by Night,2025,0
bc07a2b3-807a-4dda-9c19-003553f18f45,33cf4238-f7f9-4b2c-8d23-cf0de792e0c7,Banshee,2016,1
bda332e2-59e7-4e20-bc2c-a57763b325f4,2188c6a6-ede7-4463-ae6f-6cd3d74a7c9f,Third Daughter,2017,1
bda332e2-59e7-4e20-bc2c-a57763b325f4,c1e81de0-5e3a-43e7-9003-1f71fcf7a8b9,Palmspringa,2024,0
be045651-fddf-4a05-9c5f-4384b389f73a,6ba162e2-e362-4e6a-b4e4-87aed8508e46,Glutton for Punishment,2025,1
be407b02-f3e6-4ed5-9489-f8e5f0ab36dc,ec9290a5-e64d-4afc-a70e-1815d30aea04,Help Us Stranger,2019,1
be465d4f-c28d-4ba1-94ab-ebaada7db8af,d9482256-62b0-4409-b60f-9f52ff00ea4b,Brutalism,2017,0
be465d4f-c28d-4ba1-94ab-ebaada7db8af,45003bef-d379-441d-b246-358f0b78985c,Joy as an Act of Resistance.,2018,1
be465d4f-c28d-4ba1-94ab-ebaada7db8af,baa817a4-1987-44b7-bd0e-1d5eba738619,Ultra Mono,2020,1
be465d4f-c28d-4ba1-94ab-ebaada7db8af,da9a2af4-e97d-43aa-92a9-f8e6c0eab37d,CRAWLER,2021,1
be465d4f-c28d-4ba1-94ab-ebaada7db8af,8ba0ce4a-5fd3-48bf-8b36-da3d58760e32,TANGK,2024,1
bf103bec-70e3-45a5-9d1b-97715db04a96,fb2e69fc-3a3a-4430-9bc5-75de32cac5c9,Burn Something Beautiful,2016,0
bf103bec-70e3-45a5-9d1b-97715db04a96,b438814b-cc05-4efd-9ca6-aa2297d6a231,The Crossing,2018,0
bf103bec-70e3-45a5-9d1b-97715db04a96,cf1347b4-1a43-4b40-a80d-8cf636f763fa,La Cruzada,2021,0
bf103bec-70e3-45a5-9d1b-97715db04a96,9a032d42-2711-43b1-bc36-bab6c50e62b8,Echo Dancing,2024,0
bfcb6630-9b31-4e63-b11f-7b0363be72b5,3afcf111-fc5d-4b7c-9712-55d225f4b2eb,Cleopatra,2016,1
bfcb6630-9b31-4e63-b11f-7b0363be72b5,cbb4db12-a97e-4d49-8e98-710df987b0bb,III,2019,0
bfcb6630-9b31-4e63-b11f-7b0363be72b5,374840e6-1695-49bb-91ea-7ec1d16dbadb,BRIGHTSIDE,2022,0
bfcb6630-9b31-4e63-b11f-7b0363be72b5,6e5f6742-b735-47a1-9270-ed50aaefab09,Automatic,2025,0
c0a1179b-b14a-4d68-a3c1-1fdab16ed602,1d6119cd-22f3-4cbf-8ef4-de7e2c076a1e,Black America Again,2016,0
c0a1179b-b14a-4d68-a3c1-1fdab16ed602,e77f3bb0-341f-41bf-a690-45d2fa7bcfc4,Let Love,2019,0
c0a1179b-b14a-4d68-a3c1-1fdab16ed602,8247e354-7a65-480b-9c10-0d13aaed9dee,"A Beautiful Revolution, Pt. 1",2020,0
c0a1179b-b14a-4d68-a3c1-1fdab16ed602,726bffa5-23fe-45c0-a76c-759ebaaa68f9,"A Beautiful Revolution, Pt. 2",2021,0
c0a1179b-b14a-4d68-a3c1-1fdab16ed602,76884fb7-44a8-4c36-ab2f-c52671b02139,A Beautiful Revolution Pt. 1 & 2,2021,0
c0a1179b-b14a-4d68-a3c1-1fdab16ed602,ff1a34ea-5589-42d5-a5a1-2b338c57c501,"The Auditorium, Vol. 1",2024,0
c0daae21-ec2a-4dd0-a323-4f53f5945d04,6ee668b0-8d9b-490b-bdf2-1c68cf197891,The Ooz,2017,1
c0daae21-ec2a-4dd0-a323-4f53f5945d04,f36be6a7-ad91-4428-a39b-a0375e642152,Man Alive!,2020,0
c0daae21-ec2a-4dd0-a323-4f53f5945d04,4505ae3f-6f4d-4049-a9a3-1151f89ef344,Space Heavy,2023,0
c118bc97-11a7-41dc-a55e-48c3bcf22ac2,88ed1d80-32a9-4fe4-83a3-7478bdf3e664,Dove,2018,1
c1a217e0-4b3e-46d7-9613-6a14c9e70895,97d44299-2cef-4a20-a973-381c13ae9918,Seeker,2019,0
c1a217e0-4b3e-46d7-9613-6a14c9e70895,b542d507-5172-48de-ab43-dd50d846a3cb,Switched‐On Seeker,2020,0
c1e98e4a-4628-4c89-a7a6-0e0171600b05,5d131f07-8f63-4718-bcf6-a53b7a77f047,VOIDS,2017,0
c23b637b-97c6-41eb-8ef6-6c724efc80a8,550413f9-37d2-4d7a-ae39-f6fe5310f3a5,In the Half Light (instrumental),2025,0
c24b47a1-2f52-44f3-a3c6-374dca844731,fc7167a5-cd07-4f5b-940f-913d71b63497,By Any Beats Necessary,2016,0
c24b47a1-2f52-44f3-a3c6-374dca844731,7d9b3918-2d0c-47bd-8d52-cbf6174f3e61,The Shadow of Their Suns,2021,0
c24b47a1-2f52-44f3-a3c6-374dca844731,1be21650-f14a-4835-91c9-42121eace773,Fishing for Accidents,2023,0
c2a23d44-99f9-4f5c-9924-13220ddf1b9f,0ba6c796-8e5c-42c8-bf4a-44abf552f7ab,Come Alive & Live Again,2023,1
c2a23d44-99f9-4f5c-9924-13220ddf1b9f,076e244c-0c92-4aae-83b4-c4ec42973a37,"I Was Love, I Was Light",2025,0
c309d914-93af-4b3f-8058-d79c75ea89da,2178c2dc-1aaf-466a-98eb-7477f7ddc285,Shepherd in a Sheepskin Vest,2019,0
c309d914-93af-4b3f-8058-d79c75ea89da,85c09614-c248-4d42-8a93-13850a8ebc04,Gold Record,2020,0
c309d914-93af-4b3f-8058-d79c75ea89da,148ec7ad-85bb-46f3-81fc-65310c1998e7,Blind Date Party,2021,0
c309d914-93af-4b3f-8058-d79c75ea89da,5839c846-d402-429a-9fb6-6925b49730e2,YTI⅃AƎЯ,2022,0
c310b8e8-468f-4189-9b72-9589a2ff275d,13fdcf03-dcc5-4d16-8575-12495cedb644,Certainty Waves,2018,0
c310b8e8-468f-4189-9b72-9589a2ff275d,f1f8f082-63e4-4264-9467-96e191280476,Grizzly Peak,2021,0
c35bd778-efb5-424b-ba7b-dae56d01a206,f9b338b3-0b02-4b7d-b918-fad4bc06bcd7,Okovi,2017,0
c35bd778-efb5-424b-ba7b-dae56d01a206,5784c60f-af57-45b9-91e0-611c97aa04ae,Arkhon,2022,0
c3bf5aee-646e-4030-9ab4-d1fbd4947a97,e4769493-6e61-4e9f-8d9b-8e168876cb0a,Total Depravity,2016,0
c3bf5aee-646e-4030-9ab4-d1fbd4947a97,cacd0df9-7bb4-4534-bbc6-0e989a0d0588,... And Out of the Void Came Love,2023,0
c3bf5aee-646e-4030-9ab4-d1fbd4947a97,8485ff71-a601-4c2d-9231-9e36ab6bc63d,Asphodels,2025,0
c3ecef5d-84f3-4942-8c24-0a626343c3f4,b8b81ec8-7017-415d-a8bb-b417893ba8cc,Abysmal Thoughts,2017,0
c3ecef5d-84f3-4942-8c24-0a626343c3f4,483885ea-8bd4-47d0-a16f-7614384055c0,Brutalism,2019,0
c3ecef5d-84f3-4942-8c24-0a626343c3f4,1b05b865-79da-40c8-a654-e649a71c53b8,Jonny,2023,0
c3f28da8-662d-4f09-bdc7-3084bf685930,e781bbfc-6502-4c6e-912c-109c5355a2b2,Beast Epic,2017,0
c3f28da8-662d-4f09-bdc7-3084bf685930,fb59c066-7187-4a8c-a866-2b34b10bc98d,Years to Burn,2019,1
c3f28da8-662d-4f09-bdc7-3084bf685930,af2fd1e7-1562-4e52-a4bb-9a1667e64e01,Light Verse,2024,0
c44e9c22-ef82-4a77-9bcd-af6c958446d6,b4003948-ace6-46ba-ac88-f59344a46be9,Delta,2018,0
c44e9c22-ef82-4a77-9bcd-af6c958446d6,23b805c9-dd8e-43ca-830c-175b0939e0b1,RUSHMERE,2025,0
c4593b34-2a94-4e44-ae10-4a0f4c0b4da8,7f9e5db1-ea21-4195-887f-11da4ce7f83e,What Now,2017,1
c4593b34-2a94-4e44-ae10-4a0f4c0b4da8,b60a1cee-1d30-4531-acc5-d26810e61fa6,Free Love,2020,1
c4593b34-2a94-4e44-ae10-4a0f4c0b4da8,63e2635e-4b4a-46dc-ba4a-c3b0e8a95e5f,No Rules Sandy,2022,1
c485632c-b784-4ee9-8ea1-c5fb365681fc,ff9b0645-2327-46f4-b2b4-a7f41946d39e,Little Dark Age,2018,1
c485632c-b784-4ee9-8ea1-c5fb365681fc,49451d08-8ec8-46ff-9189-9388c82baa37,Loss of Life,2024,1
c4aba54d-20a6-4fe7-b4e0-e87490d515a4,83181cf6-ab22-4883-b39b-390056a9af57,Air Between Us,2025,1
c4ff10e0-ae5a-467d-a409-6e0b4bf241eb,06e1f743-b02e-4162-a9bb-d7cdb478a308,No Shape,2017,1
c4ff10e0-ae5a-467d-a409-6e0b4bf241eb,cbf252c7-bb3f-484f-825e-fc2a42b55849,Set My Heart on Fire Immediately,2020,1
c4ff10e0-ae5a-467d-a409-6e0b4bf241eb,ff78fa63-e7dc-4902-b95d-e121dce32ab5,Ugly Season,2022,0
c4ff10e0-ae5a-467d-a409-6e0b4bf241eb,9026098c-a577-4097-8274-944db1536d13,Glory,2025,1
c507bf8f-2ac0-47e5-b7c6-4afd61a977e2,3dba8ba2-2a5b-447e-bf10-d75cefec8e45,"OUI, LSF",2024,0
c5c2ea1c-4bde-4f4d-bd0b-47b200bf99d6,8f7e23d4-8b15-491f-b006-4a9ff5a41229,I See You,2017,1
c69af97b-4d3b-4f72-9746-829b6b9d5f88,c127d9f0-336b-4766-a927-b2eaa8737180,The Overload,2022,1
c69af97b-4d3b-4f72-9746-829b6b9d5f88,ad8aa119-c68a-48c7-97c0-556e17da6279,Where’s My Utopia?,2024,1
c7020c6d-cae9-4db3-92a7-e5c561cbad50,80bd3cde-f506-43c6-8737-bf9d8222a1c1,Cause and Effect,2019,0
c733c4e6-22a2-499d-ace7-17b832356aff,cd4fe180-6845-4f34-be87-6e16030a8367,This Land,2019,0
c733c4e6-22a2-499d-ace7-17b832356aff,67614a8a-afac-48fb-b58a-e398d5624b11,JPEG RAW,2024,0
c7a3e868-c6d8-4512-a5ef-f6cbe42899b0,88999726-f7aa-4024-adcb-429c057c5edd,Heaven and Earth,2018,1
c7a3e868-c6d8-4512-a5ef-f6cbe42899b0,5450efdf-fcce-49df-8ee8-e9865363016f,Emergency Exit,2020,0
c7a3e868-c6d8-4512-a5ef-f6cbe42899b0,50c425d0-6ed6-47d9-af12-bfa2b80cb628,Fearless Movement,2024,0
c80f38a6-9980-485d-997c-5c1a9cbd0d64,1ca6cc52-9141-49a4-b2e2-871628889ab4,Prisoner,2017,1
c80f38a6-9980-485d-997c-5c1a9cbd0d64,57c36790-3705-45af-b175-08efe90f5cb0,Wednesdays,2020,0
c80f38a6-9980-485d-997c-5c1a9cbd0d64,d99fe15a-ec49-4f3a-8fb7-3f51cd23f679,Big Colors,2021,0
c80f38a6-9980-485d-997c-5c1a9cbd0d64,10c0c236-97d2-4dd6-af09-ae8d948b2ae0,Chris,2022,0
c80f38a6-9980-485d-997c-5c1a9cbd0d64,6becf1aa-b74d-485f-8b52-2320ff40032f,Romeo & Juliet,2022,0
c80f38a6-9980-485d-997c-5c1a9cbd0d64,1d451d0f-9eb9-4005-8f96-a17f87360f2e,FM,2022,0
c80f38a6-9980-485d-997c-5c1a9cbd0d64,b7901e15-c86d-417f-91db-ba7c33812374,Devolver,2022,0
c80f38a6-9980-485d-997c-5c1a9cbd0d64,2517a01b-1678-401e-9df3-4997aee4debd,Nebraska,2022,0
c80f38a6-9980-485d-997c-5c1a9cbd0d64,e87c98f5-ab7f-46d9-adf1-9876edb92140,Blood on the Tracks,2022,0
c80f38a6-9980-485d-997c-5c1a9cbd0d64,be5d2f9e-7bee-416a-8976-86d409c397bd,Morning Glory,2023,0
c80f38a6-9980-485d-997c-5c1a9cbd0d64,2eac941c-fa3e-46b0-a9f5-d3752411ef71,Sword & Stone,2024,0
c80f38a6-9980-485d-997c-5c1a9cbd0d64,66c8c11c-54d6-45a1-8253-9406b9cfe083,Star Sign,2024,0
c80f38a6-9980-485d-997c-5c1a9cbd0d64,7ece1aef-96e5-44ee-9148-58bcba9eb15a,Heatwave,2024,0
c80f38a6-9980-485d-997c-5c1a9cbd0d64,e2c822fe-d6a9-4db3-84cd-505ac4c12b62,1985,2024,0
c80f38a6-9980-485d-997c-5c1a9cbd0d64,672f17ea-bfee-4f30-996a-af76da610362,Blackhole,2024,0
c80f38a6-9980-485d-997c-5c1a9cbd0d64,3445c184-263c-4c5d-8544-f5f4963b3f38,Changes,2025,0
c80f38a6-9980-485d-997c-5c1a9cbd0d64,0677306c-4de0-4e4d-98e8-90ec295a6056,Heartbreaker: 25th Anniversary Edition,2025,0
c80f38a6-9980-485d-997c-5c1a9cbd0d64,3bea7cb5-04a8-4838-a1ff-aaa923744966,Self Portrait,2025,0
c89ea689-c053-4d97-bada-8b81a6236f58,2f173499-b215-4f89-97d7-63c25d3cce86,Cherry,2017,0
c89ea689-c053-4d97-bada-8b81a6236f58,d556f7ce-1bae-46d6-ad5f-eeda6526706a,Closer to Grey,2019,1
c89ea689-c053-4d97-bada-8b81a6236f58,eb9a2fd0-20a9-41ea-8ac7-8db00b32b65b,Faded Now,2020,0
c8a9ae11-63bf-409b-8bf3-a96b3712a2ff,37017caa-e161-421c-9ea9-ce120e09ebbc,Season High,2017,0
c8a9ae11-63bf-409b-8bf3-a96b3712a2ff,174dbace-45b6-446e-98ba-b3a0e9f0aadb,"New Me, Same Us",2020,0
c8a9ae11-63bf-409b-8bf3-a96b3712a2ff,a580c63d-2330-402e-9353-6babd24967ab,Slugs of Love,2023,1
c8b03190-306c-4120-bb0b-6f2ebfc06ea9,ceaa5c39-91c7-4c8a-886c-85b11fa8a1f6,Starboy,2016,0
c8b03190-306c-4120-bb0b-6f2ebfc06ea9,78570bea-2a26-467c-a3db-c52723ceb394,After Hours,2020,1
c8b03190-306c-4120-bb0b-6f2ebfc06ea9,3344452a-3da9-4b4f-8954-ae23a86c2ecf,Dawn FM,2022,1
c8b03190-306c-4120-bb0b-6f2ebfc06ea9,14f83b04-2b9e-4974-9169-476f26475be3,Hurry Up Tomorrow,2025,0
c8c64bcc-48c6-47c9-8411-f5c4fd5a97bb,10b37196-2bb6-4b10-a879-14f0d6717fae,"Deer Tick, Vol. 2",2017,0
c8c64bcc-48c6-47c9-8411-f5c4fd5a97bb,ffbee528-c24e-4836-98a6-54181851172c,Deer Tick Vol. 1,2017,0
c8c64bcc-48c6-47c9-8411-f5c4fd5a97bb,30aa5f07-7693-4bae-80cc-261198f23ea9,Mayonnaise,2019,0
c8c64bcc-48c6-47c9-8411-f5c4fd5a97bb,bb85d244-ec43-4262-852c-84b09e21b257,Emotional Contracts,2023,0
c8c64bcc-48c6-47c9-8411-f5c4fd5a97bb,51bb312d-b8c7-4180-93a7-d080b1a07616,Contractual Obligations,2024,0
c926bc4a-97c9-4412-b56e-7e5844f09579,5b8d6b45-e0a2-4846-8ce3-1f2d9fc9340d,Freedom,2018,1
c926bc4a-97c9-4412-b56e-7e5844f09579,ff421703-66d4-4194-ac25-66188ea80857,Death Jokes,2024,0
c926bc4a-97c9-4412-b56e-7e5844f09579,d7c8e585-6cc4-4c1e-9ccf-c25ad431e292,Death Jokes II,2024,0
ca2f9ff7-c53d-4b8b-a687-a5001ce5fcf6,3733d51b-7279-4b7d-ad26-e53e90fca9b8,The Blackcoat's Daughter,2017,0
ca2f9ff7-c53d-4b8b-a687-a5001ce5fcf6,7d34988f-4c7f-4591-95ab-d49bf5cc746a,Creation Myths,2020,0
caaba574-dfbc-4681-8e56-19b5150897d2,6cd61135-a165-49ab-a083-ff37577d03a4,Haiku From Zero,2017,1
caaba574-dfbc-4681-8e56-19b5150897d2,d1b1da08-92f9-44a3-910b-5d4136fc700f,"Freeze, Melt",2020,0
caaba574-dfbc-4681-8e56-19b5150897d2,b5fe115f-fd45-4602-85cc-d415e03434a0,Moments,2025,1
cbccb21f-96e0-4f76-8e4a-ebae988bc1bd,346d426a-639f-4d76-a9a1-ec6e8e1c8dcc,Influences,2021,0
cbccb21f-96e0-4f76-8e4a-ebae988bc1bd,1c8ffe02-779b-41ca-b123-9d01425471dc,Aging,2023,0
cbdbfa40-a839-4fa2-a5e1-dbd6e84fe1fd,84ba3609-a575-485c-a626-e4b84b5c7f2e,…And the Rest Is Just Crocodile Tears,2016,0
cbdbfa40-a839-4fa2-a5e1-dbd6e84fe1fd,0e93e635-6ed6-4943-85fb-c324e4a3ae4c,The Sunsh!ne Beat Vol. 1,2018,0
cbdbfa40-a839-4fa2-a5e1-dbd6e84fe1fd,dd0613aa-54de-43c4-a0cd-a354a095be72,Fear of an Acoustic Planet,2019,0
cbdbfa40-a839-4fa2-a5e1-dbd6e84fe1fd,4d2fcc04-8a6d-4044-ab55-80bb3dd989c8,Here With You,2022,0
cbdbfa40-a839-4fa2-a5e1-dbd6e84fe1fd,843ab5cf-2369-4eec-9239-cfa507099852,Hello Hello,2024,0
cbef45a9-7acb-4325-94c9-70081ac8d1b8,51842820-7c80-4e23-be8d-6793a4bb7935,Epoch,2016,0
cbef45a9-7acb-4325-94c9-70081ac8d1b8,a7354b88-f90b-4eeb-9960-52297f755723,Ingress,2017,0
cbef45a9-7acb-4325-94c9-70081ac8d1b8,b315076d-493c-4b4c-ac41-c380b532d981,Waypoint,2018,0
cbef45a9-7acb-4325-94c9-70081ac8d1b8,0ebe471f-87a1-4c60-af9d-135a4b080894,Weather,2019,0
cbef45a9-7acb-4325-94c9-70081ac8d1b8,53e34b49-8653-4326-a837-6d8f535ad692,Simulcast,2020,0
cbef45a9-7acb-4325-94c9-70081ac8d1b8,0f0e7a57-dcd3-4edb-8f20-db20eee01d9f,Sanctuary - Burning Man Sunrise 2023,2023,0
cbef45a9-7acb-4325-94c9-70081ac8d1b8,49e9a8ee-2c04-46cb-bb9c-e1e7e0deac83,Infinite Health,2024,0
cc197bad-dc9c-440d-a5b5-d52ba2e14234,e45c32be-8e8b-48b5-8bbb-60f1a3115532,Everyday Life,2019,0
cc197bad-dc9c-440d-a5b5-d52ba2e14234,c169f440-90bf-4a0b-aa6a-c83072bd7eed,Music of the Spheres,2021,0
cc197bad-dc9c-440d-a5b5-d52ba2e14234,3988c875-b35f-4c3e-b143-ccb484d45347,Moon Music,2024,0
cc2c9c3c-b7bc-4b8b-84d8-4fbd8779e493,d8a99910-33c2-481d-9b96-085ece5545f6,30,2021,1
cc7d4686-ea02-45fd-956e-94c1a322558c,a6af0967-694d-426c-b559-3a9c7b229ae1,so sad so sexy,2018,0
cc7d4686-ea02-45fd-956e-94c1a322558c,2b344056-1206-44f9-8b96-2aff37ac95b2,EYEYE,2022,0
cc846715-ccc7-4391-868b-0876d135daa0,286a9e1a-b2e7-4814-9a97-445e147eaa8b,Heavy Roller,2016,0
cc846715-ccc7-4391-868b-0876d135daa0,00cc65d8-f380-4043-94af-9afc9fdbcb16,Brain Telephone,2017,0
cc846715-ccc7-4391-868b-0876d135daa0,f3ebc91b-03df-4825-bb6a-562e53cca99c,ZAM,2019,0
cc846715-ccc7-4391-868b-0876d135daa0,8870b483-c2a6-45d6-a1ff-b64af2e2fc80,Monsters Eating People Eating Monsters...,2020,0
cc846715-ccc7-4391-868b-0876d135daa0,5f84e234-15a1-4775-911c-22db89ddaf3f,Data Doom,2023,1
cc846715-ccc7-4391-868b-0876d135daa0,5ef586c3-367a-41aa-8b40-c061a2f2d11f,Trash Classic,2025,0
cceea21d-f3ec-4586-be7a-d2e939c15c78,c2455d4a-3e81-4aba-833c-5119d18a8fc0,Absolutely,2021,0
cceea21d-f3ec-4586-be7a-d2e939c15c78,1a1e8337-cd16-40e6-b04d-e1b5801b4c89,Baby,2025,1
cd5799f6-e6cf-4322-a659-96f5de4a2f6c,99d19d23-df33-4f9c-ab71-115524e67d17,On,2018,0
cd5799f6-e6cf-4322-a659-96f5de4a2f6c,ecce7218-f134-4460-89a8-8e0ccba66547,Gece,2019,0
cd5799f6-e6cf-4322-a659-96f5de4a2f6c,b792d7b5-505a-427b-8f3d-f3edd2247252,Yol,2021,1
cd5799f6-e6cf-4322-a659-96f5de4a2f6c,059465dc-c14a-4db8-b774-989d4f7e2d88,Âlem,2021,0
cd5799f6-e6cf-4322-a659-96f5de4a2f6c,c328d0b5-ef7c-4c2f-a920-17a03631100c,Aşk,2023,1
cd8c5019-5d75-4d5c-bc28-e1e26a7dd5c8,bf40c3b8-4a1f-49da-9549-109a4d57d092,Local Valley,2021,1
cd9713d6-6e5f-4143-9412-4d12b7bd47f2,3037f334-1e40-4d13-98ed-08169120652b,Semper Femina,2017,0
cd9713d6-6e5f-4143-9412-4d12b7bd47f2,95335b28-967c-49a2-bbc1-952c9fd0fb58,Song for Our Daughter,2020,1
cd9713d6-6e5f-4143-9412-4d12b7bd47f2,0f217ed3-8cc7-4154-9b25-f02ae2215a04,Patterns in Repeat,2024,0
ce4a1c08-6912-423f-bf6c-97ce69f5e89f,58adb48e-c54c-4a9b-81c5-d6e70c510b18,Faye Webster,2017,0
ce4a1c08-6912-423f-bf6c-97ce69f5e89f,645a7ff1-1745-4be6-8e70-2ae1fc2f0e59,Atlanta Millionaires Club,2019,0
ce4a1c08-6912-423f-bf6c-97ce69f5e89f,aa790ade-a90c-4c8c-a312-a671b8238a49,I Know I'm Funny haha,2021,1
ce4a1c08-6912-423f-bf6c-97ce69f5e89f,1322ff7f-b274-465e-bdca-0860f086c558,Underdressed at the Symphony,2024,0
cf0f4547-ffbd-4011-98ad-0bec9ba022db,b32de1ff-92d1-4f86-a41e-8d3ebd40405e,Peace or Love,2021,0
cf82a38f-9413-4333-bacb-ca5b6db95794,fa970f51-59fe-469c-94b6-8ea6b22f1c7d,Heads Up,2016,1
cf82a38f-9413-4333-bacb-ca5b6db95794,65ce7e4b-fbf5-4177-bd34-ec9ff74b2217,Radiate Like This,2022,1
cf998a99-5b7e-4342-b372-9c5d45c2ca62,49f60edd-f19c-4ab7-b6f2-1654673d7594,Home on Native Land,2016,0
cf998a99-5b7e-4342-b372-9c5d45c2ca62,a4984bba-6a26-41f8-bc2e-ef26186f94ec,Bronto,2025,0
cfd1fdcc-3c1d-4854-a500-31d96a6d5184,0c307c9e-b04d-4f2b-a8b0-47117893110d,Calico Review,2016,0
cfd1fdcc-3c1d-4854-a500-31d96a6d5184,ffa2d614-50c5-40d8-9752-40af74942d56,LAHS,2019,0
cfd1fdcc-3c1d-4854-a500-31d96a6d5184,15b92bb5-54a5-4843-a7f1-58f6c3a967f5,Zuma 85,2023,0
d02dd67e-f655-4600-bc47-f789f59e7367,4be291f2-4faf-4fe5-b60f-4515e08ada99,Malibu,2016,1
d02dd67e-f655-4600-bc47-f789f59e7367,bb14008a-b20c-4857-ad95-c181ca2d014d,Oxnard,2018,0
d02dd67e-f655-4600-bc47-f789f59e7367,59732510-a2ad-447d-bd8b-9cbdfef39f88,Ventura,2019,1
d0d25805-3446-49eb-bf6b-b4fa821c3a7f,2ee66e19-0b8d-4518-847f-64020ae95274,A Place I'll Always Go,2017,0
d0d25805-3446-49eb-bf6b-b4fa821c3a7f,c1cb687e-606f-4c91-8418-e7c20bca0087,Black Friday,2019,0
d0d25805-3446-49eb-bf6b-b4fa821c3a7f,756e34cb-a0c3-4214-8cee-ebeaaf457b11,Eye on the Bat,2023,1
d135874d-9cae-4fef-97e3-36acbd9f5a26,6388bf4a-72c6-407e-b88f-c9038dc82c2c,Killer Road,2016,0
d135874d-9cae-4fef-97e3-36acbd9f5a26,e3fca626-4e21-4303-a3e9-59c5e6d90d11,The Peyote Dance,2019,0
d135874d-9cae-4fef-97e3-36acbd9f5a26,0070d13d-51a7-49c6-8908-5735faab7174,Mummer Love,2019,0
d135874d-9cae-4fef-97e3-36acbd9f5a26,2fe77004-980d-4ebf-921a-cb0d44b3dd14,Peradam,2020,0
d135874d-9cae-4fef-97e3-36acbd9f5a26,ce5de1d1-07f3-49d8-aae2-7da52151ccba,"Correspondences, Vol. 1",2024,0
d135874d-9cae-4fef-97e3-36acbd9f5a26,02bf5478-3408-409b-9e27-be608f2ca064,"Correspondences, Volume Two",2025,0
d135874d-9cae-4fef-97e3-36acbd9f5a26,a75cc338-9c20-4a6c-a359-095a30fb5e8c,Another Dimension (live Los Angeles ’76),2025,0
d1393ecb-431b-4fde-a6ea-d769f2f040cb,2430305f-a3b7-475c-a66b-6636f09b7589,A Very Kacey Christmas,2016,0
d1393ecb-431b-4fde-a6ea-d769f2f040cb,56713bde-f9de-4097-bbe3-41d9d7af32c4,Golden Hour,2018,0
d1393ecb-431b-4fde-a6ea-d769f2f040cb,91fa494d-c409-4dc2-a8d3-430b63dd2aa9,star‐crossed,2021,1
d1393ecb-431b-4fde-a6ea-d769f2f040cb,0bfe4818-4b51-4930-ab14-c625488c3019,Deeper Well,2024,0
d13f0f47-36f9-4661-87fe-2de56f45c649,3c086242-c469-4577-ac37-5f2abcd7b40d,Love You to Death,2016,0
d13f0f47-36f9-4661-87fe-2de56f45c649,c1d6ee00-4859-4208-9b9f-84a28e1cbc4c,"Hey, I’m Just Like You",2019,0
d13f0f47-36f9-4661-87fe-2de56f45c649,38b5434c-807d-4ddc-8f28-9611a15c161c,Still Jealous,2022,0
d13f0f47-36f9-4661-87fe-2de56f45c649,4ef8912b-5446-4a0c-a4d7-6d4e965c5722,Crybaby,2022,0
d1515727-4a93-4c0d-88cb-d7a9fce01879,1668c806-5c28-4655-89a2-f1f7bc786084,In Waves,2024,1
d15721d8-56b4-453d-b506-fc915b14cba2,fe8578f8-0e93-4b54-bedf-fac877514383,“Let’s Rock”,2019,1
d15721d8-56b4-453d-b506-fc915b14cba2,1299df7b-411d-4fa7-9f19-5c1001a69eb5,Delta Kream,2021,1
d15721d8-56b4-453d-b506-fc915b14cba2,eb6bf6ce-0b50-4967-9c91-e15283472973,Dropout Boogie,2022,0
d15721d8-56b4-453d-b506-fc915b14cba2,2ae819fe-673e-4227-96df-ad5505d9294e,Ohio Players,2024,1
d15721d8-56b4-453d-b506-fc915b14cba2,f90def2a-bf2e-453d-bd51-658d96050034,"No Rain, No Flowers",2025,0
d1714baa-2174-4233-8272-f537bfa9fbba,f3398e6a-91af-439f-9c2e-5d3d4527475f,Blanco,2016,0
d1714baa-2174-4233-8272-f537bfa9fbba,b0e43342-c625-4c5f-a3f5-2885a3663fd4,Care,2017,1
d1714baa-2174-4233-8272-f537bfa9fbba,bc83e30d-6d8e-4fe8-a18d-4a96cf19a75e,Rare Coins,2018,0
d1f1cba8-b5ce-438b-99a3-e0a8456ac322,35e466fd-1f94-4396-b35d-47055a3f1415,A Guide To Photographing The Sun,2025,0
d3149a8a-6854-45ce-8b91-9f327be22c3f,1f5a4827-580f-45db-92e7-8bfcf71623e9,Doomin’ Sun,2021,1
d38c47f6-d9bb-4a77-aaea-df53a6616a68,d8a88d34-422e-47f6-a71e-8e456bb0817f,A Productive Cough,2018,0
d38c47f6-d9bb-4a77-aaea-df53a6616a68,15f37a59-a580-4e91-99ef-e4ee2d4152e4,An Obelisk,2019,0
d38c47f6-d9bb-4a77-aaea-df53a6616a68,7f1a1e07-28d5-42cc-9207-2da739190dfe,The Will to Live,2022,0
d43d12a1-2dc9-4257-a2fd-0a3bb1081b86,f8572b9e-79b6-4803-86d8-6a6c8ca4a3e8,Johnny Cash and the Royal Philharmonic Orchestra,2020,0
d43d12a1-2dc9-4257-a2fd-0a3bb1081b86,7534d959-215f-42b8-b4db-9d66c39962e8,Songwriter,2024,0
d44d63b8-3da4-4f7d-aba1-a05ba8941b44,75536410-91dd-4fd2-85ba-efe08b0a12c1,It Won’t Be Like This All the Time,2019,1
d4659efb-b8eb-4f03-95e9-f69ce35967a9,3e7a3cd4-fb2c-40e8-b093-eaffe8c9cfdd,American Utopia,2018,1
d4659efb-b8eb-4f03-95e9-f69ce35967a9,153dc33e-59bc-4990-9c9d-d4c3861f541e,Who Is the Sky?,2025,1
d4a9be59-13e5-481b-8c68-833c5c1fd458,80a77748-44d9-4fe2-8a54-1fe913616f0f,Free the Fawns!,2016,0
d4a9be59-13e5-481b-8c68-833c5c1fd458,6d950c07-29e0-491f-a9f4-c7878a0aaad6,Winter Lives,2016,0
d4a9be59-13e5-481b-8c68-833c5c1fd458,6d37a445-faac-4d6f-a503-9f0717ac2e06,Still Summer,2017,0
d4a9be59-13e5-481b-8c68-833c5c1fd458,08d637ad-9103-4136-93fe-f0e65e0f784e,Songs of Disquiet,2020,0
d4a9be59-13e5-481b-8c68-833c5c1fd458,e2eaaec7-30a2-4b04-a85e-d612742e5358,Home and Away: The American Frontier,2023,0
d4a9be59-13e5-481b-8c68-833c5c1fd458,e60ff994-3016-410c-b95f-b4fd00eb9d13,The Ballad of the Natural Lines,2025,0
d5c79890-36c5-4f1b-bed3-4468eee093f3,45755dde-6830-47a9-913e-dce95b03738a,Let Your Love Flow,2022,0
d5cc67b8-1cc4-453b-96e8-44487acdebea,668db76f-6d20-40fd-a719-f9e7d2d95192,7,2018,1
d5cc67b8-1cc4-453b-96e8-44487acdebea,0609eab3-6dc1-4cd7-b1c3-d5c87a5c2133,Once Twice Melody,2022,1
d5ccd5b5-44b5-497e-9829-d8f1b69f412c,b726d010-6606-472e-9cbe-e9a95b6acebe,DEHD,2016,0
d5ccd5b5-44b5-497e-9829-d8f1b69f412c,067fef21-4dc6-4eb9-abf6-f81f67e4cd6a,Water,2019,0
d5ccd5b5-44b5-497e-9829-d8f1b69f412c,4449d3fb-e82e-497c-aab3-a920ce41acb9,Flower of Devotion,2020,1
d5ccd5b5-44b5-497e-9829-d8f1b69f412c,ad59316e-071d-4da7-88cd-1607de08c27b,Blue Skies,2022,1
d5ccd5b5-44b5-497e-9829-d8f1b69f412c,1b596224-e7ed-4f2a-8176-4fa20fbd74e4,Poetry,2024,1
d5da1841-9bc8-4813-9f89-11098090148e,01cece8c-4d3f-4d10-a4e8-da7912efb585,New Facts Emerge,2017,0
d700b3f5-45af-4d02-95ed-57d301bda93e,a7342e9f-d2df-43ac-9c44-7a40f9c4cf98,Every Country’s Sun,2017,0
d700b3f5-45af-4d02-95ed-57d301bda93e,ef8e8e4d-05a2-4732-b68a-c5b6af86d786,As the Love Continues,2021,1
d700b3f5-45af-4d02-95ed-57d301bda93e,a9f635d2-bff3-4079-8621-38d5ace8978e,The Bad Fire,2025,1
d70f3879-b92c-4948-a430-fc25d2e3c52d,dc7f8f95-3dd0-4ab9-bb3d-8d928ea0b312,Close but No Cigar,2018,0
d70f3879-b92c-4948-a430-fc25d2e3c52d,10e02ce0-f9bf-47bd-9105-b97e8796a80e,I Told You So,2021,1
d70f3879-b92c-4948-a430-fc25d2e3c52d,82851f0f-c67b-4fff-bf72-449a506c1a65,Cold as Weiss,2022,1
d786f59b-1836-4ddb-8393-ab753edbe984,be7da273-92fa-4251-bb76-79a0daa33a0d,DJ BABY BENZ,2016,0
d786f59b-1836-4ddb-8393-ab753edbe984,fc97b087-221c-4ea4-9dd9-5277a52eb84a,Immunity,2019,0
d786f59b-1836-4ddb-8393-ab753edbe984,2ae8fedc-5287-422e-998b-c1f38b81fb12,Sling,2021,0
d786f59b-1836-4ddb-8393-ab753edbe984,6fb46378-9cb7-4693-b76d-a62f2cc09214,Charm,2024,1
d7f5305a-15fc-4af4-a61b-f6f45510cc8f,0c96ec29-02fc-4ccd-9061-5f5d024030e7,Patch the Sky,2016,1
d7f5305a-15fc-4af4-a61b-f6f45510cc8f,78e4bbe8-4674-4f1b-ba12-6509b68c9baa,Sunshine Rock,2019,0
d7f5305a-15fc-4af4-a61b-f6f45510cc8f,f9ee77bd-34f2-4703-82be-293fb838210a,Blue Hearts,2020,1
d7f5305a-15fc-4af4-a61b-f6f45510cc8f,d2fffae5-4e22-4466-bcb8-0e5fd0363a31,Here We Go Crazy,2025,1
d85defaf-b82e-48be-beb5-2672099e392e,bc661be1-ec58-45e9-9fa7-6163f30dc342,Sousoume Tamachek,2017,0
d85defaf-b82e-48be-beb5-2672099e392e,69c28e8d-1371-4914-80c9-7db7ec5ee535,Ilana: The Creator,2019,0
d85defaf-b82e-48be-beb5-2672099e392e,6dad7139-7cd5-41bc-b7fc-6bf20fc1155a,Afrique victime,2021,1
d85defaf-b82e-48be-beb5-2672099e392e,591e3145-737f-4765-95b3-297ea7ceb0e2,Funeral for Justice,2024,1
d85defaf-b82e-48be-beb5-2672099e392e,c90ceb11-7803-43b6-9aa8-f4c500bed114,Tears of Injustice,2025,0
d8915e13-d67a-4aa0-9c0b-1f126af951af,82144736-4ae1-47aa-9248-faa1416ce906,A Bath Full of Ecstasy,2019,1
d8915e13-d67a-4aa0-9c0b-1f126af951af,4fda022b-4589-4628-b38d-b4ebe4a5a96b,Freakout/Release,2022,1
d8e41375-bd8d-4e39-9da7-f0c171e97086,5e8fae0f-d7f4-4b04-96da-9d1e3608c5a2,Big Mess,2016,0
d8e41375-bd8d-4e39-9da7-f0c171e97086,3a569d29-8159-46e0-bb39-1e5ec7b6d3e5,Healer,2020,0
d8e41375-bd8d-4e39-9da7-f0c171e97086,a603b412-5d2a-4d2b-9f5c-e039ef93c95d,This Is This,2021,0
d8e41375-bd8d-4e39-9da7-f0c171e97086,6167039c-caa2-4c9c-a93c-7e24fe179ac8,I Want It All Right Now,2023,0
d8f43dc5-4613-48ac-8c23-a62b82f8c67a,8c471a20-f7fe-4ccd-bfd8-045cde85ad18,Pang,2019,0
d8f43dc5-4613-48ac-8c23-a62b82f8c67a,20bbd8b3-35fa-4a29-9a94-13f4f01bf9ca,"Desire, I Want to Turn Into You",2023,1
d8f63b51-73e0-4f65-8bd3-bcfe6892fb0e,a6939914-8b11-4e72-9ae2-01674b32d6fd,Need Your Light,2016,0
d8f63b51-73e0-4f65-8bd3-bcfe6892fb0e,8d396afa-06c6-4b5f-b596-21b67a85eff7,Superbloom,2019,0
d9217d2b-05ea-4075-af4f-4a9028e2eb78,f57b74d1-41ab-45a2-9795-0caeef7fc217,World to Me,2022,0
d9217d2b-05ea-4075-af4f-4a9028e2eb78,09b16f2b-089e-4391-94dc-ae7c9e22287e,Dead Stars,2025,1
d9447e90-e1f0-486f-b3dc-fc8208756370,e1bcb453-6ad9-445b-b4a5-d098aaa3ad17,Mantra Moderne,2019,0
d9447e90-e1f0-486f-b3dc-fc8208756370,52bcc5ea-8e67-4ea5-9211-74367e7d68fb,Melodi,2021,0
d9447e90-e1f0-486f-b3dc-fc8208756370,02d7884a-4912-4b42-89d3-8799e228b1cf,New Internationale,2024,1
d94f79b0-c690-4a60-9a45-a37a11b78051,6a141413-48db-442c-b3ec-a2c6f4168d1d,A Tribute To George Harrison,2016,0
d94f79b0-c690-4a60-9a45-a37a11b78051,56261468-abc7-4c21-bf09-44af5883ac7c,Beachwood Canyon,2016,0
da8b6c67-710c-4480-bf2a-ca2849b42094,baca9b01-ae35-4c9e-a57c-8997de648a88,GOOD LUCK,2023,1
da8b6c67-710c-4480-bf2a-ca2849b42094,1ab4933c-8c07-4625-84d2-50dcdbc83871,The Starrr of the Queen of Life,2025,0
da90b5da-349e-4906-a0b4-805f5e46190d,c83cf8f7-bfee-46cc-9eb2-1fc80613ed93,For the Sake of Bethel Woods,2022,0
da90b5da-349e-4906-a0b4-805f5e46190d,9deb3316-e5b6-40a5-92c9-e35ad69ba617,A Bridge to Far,2025,0
daeec599-bf5d-4428-994a-e76ba5f86e2f,aa5af99b-3a79-4920-97f8-34c19f295863,Tremendous Sea of Love,2017,0
db3c0a20-bf05-4b30-ac22-f294aea24172,2665c3e5-8408-4050-93a6-88321d515924,Mental Illness,2017,1
db3c0a20-bf05-4b30-ac22-f294aea24172,ca87adfc-a00f-4219-a777-053836983c37,Queens of the Summer Hotel,2021,0
db4295e7-06e1-433c-93cb-2f2a86a7ea3a,2d8e61df-887d-438a-9c52-f196432635de,Forever Sounds,2016,0
db4295e7-06e1-433c-93cb-2f2a86a7ea3a,f8feb376-86c4-40ba-a2d9-5a9aac995f74,What Heaven Is Like,2018,0
db4295e7-06e1-433c-93cb-2f2a86a7ea3a,171614da-4a8f-4578-b953-fe0eb8be0bac,Cincinnati Ohio,2024,0
dbbc47a5-1338-4830-9298-a8d0b11c0a46,8af782a4-793c-4ae3-a141-7b23b233eb5a,Never Forget My Love,2022,0
dbbc47a5-1338-4830-9298-a8d0b11c0a46,cdfe0827-0656-4168-ab12-54a6576af428,"Merry Christmas, Love",2022,0
dbe7fdf7-81b2-418b-b3f6-81ae71532f40,3b023116-0306-4065-834d-254d6ec48fe0,No Burden,2016,0
dbe7fdf7-81b2-418b-b3f6-81ae71532f40,4206db7f-7de6-4e0c-9619-2e0b50a3a3fa,Historian,2018,1
dbe7fdf7-81b2-418b-b3f6-81ae71532f40,5cc3fbf0-bfcd-4b2d-9242-c353626764e6,Home Video,2021,1
dbe7fdf7-81b2-418b-b3f6-81ae71532f40,a4cabd17-ba0f-4c88-a2c4-164c29038cbd,Forever Is a Feeling,2025,1
dbf0a5c5-3665-4495-b13b-99438a6a0900,f0143550-a12e-43d4-aa97-223f74f8b12f,Return to the 37th Chamber,2017,0
dbf0a5c5-3665-4495-b13b-99438a6a0900,d9996b49-6d07-4e24-980c-93bb5b39126e,Adult Themes,2020,0
dbf0a5c5-3665-4495-b13b-99438a6a0900,a04b849a-81ee-4a9d-b419-7eb39c8212ef,Yeti Season,2021,1
dbf0a5c5-3665-4495-b13b-99438a6a0900,aaf9cf21-6dca-45d0-bb0f-53706bef7a6c,Ekundayo Inversions,2021,0
dbf0a5c5-3665-4495-b13b-99438a6a0900,7fd982be-58b7-4e75-aeee-e5dea6d2167b,Ekundayo Inversions Instrumentals,2022,0
dbf0a5c5-3665-4495-b13b-99438a6a0900,825075cb-4bb0-4eb2-aec0-fe50dbf54e27,Glorious Game,2023,1
dbf0a5c5-3665-4495-b13b-99438a6a0900,dcd98b5c-c026-4a13-a1c3-b977df98b054,24 Hr Sports,2025,0
dc21d171-7204-4759-9fd0-77d031aeb40c,fee35da5-6afa-4ef8-82d4-a71e3c4dc594,Painting of a Panic Attack,2016,1
dc6d2ba1-012c-47a7-ba3f-d74e76c30d53,f19e23dc-28d6-4ed6-a0e5-8d1fef337b2e,Changes,2016,1
dc6d2ba1-012c-47a7-ba3f-d74e76c30d53,765fa212-2b3d-4356-b37a-5abd813a3ee9,Black Velvet,2018,1
dd56519f-0db0-4893-9663-17bb1092b37d,fd59d5b0-7538-41d7-bdde-367e7e26ec48,The Garden,2023,1
dd569857-d15e-4dbe-baad-b46a5ffe34a0,a59674f1-3160-44c5-bb67-3fe77f266ce9,Black Pumas,2019,1
dd569857-d15e-4dbe-baad-b46a5ffe34a0,673e7ff1-ea90-4253-8f86-a224c7505a11,Chronicles of a Diamond,2023,1
dda04604-b50a-4bd1-8780-77564c659dc0,c938a753-f084-405e-b3ba-27bd3182c9d6,A Sentimental Education,2017,0
ddcfd686-79f0-4eda-9eb9-4c28591bf87e,f869d011-7fb7-438f-b1b4-497670bee3a1,Cobain and Cornbread,2019,1
dde26295-8cd4-474c-8740-3edb801b2776,c5b4c5f6-ff03-4473-bc33-566797ec5bcb,Heard It in a Past Life,2019,0
dde26295-8cd4-474c-8740-3edb801b2776,c002fafd-04cb-43a3-a006-1274d2c1e65c,Surrender,2022,1
dde26295-8cd4-474c-8740-3edb801b2776,f34a2661-5007-4c6b-aeca-b98364c3858b,Don’t Forget Me,2024,1
de11b037-d880-40e0-8901-0397c768c457,0b03c949-6be2-41c7-bab7-02aee1c139b5,EODM Presents: Boots Electric Performing the Best Songs We Never Wrote,2019,0
dfa0e21c-ee3e-44da-81d5-58e3c1218a9f,3c505b64-2287-4a5d-bb5c-559162a28e76,Jericho Sirens,2018,0
dfe78af2-779e-4137-826a-3073a16e3278,7b278ec9-b4e2-4a6b-9721-ec55afc65997,Three,2016,1
dfe78af2-779e-4137-826a-3073a16e3278,b8d6ec09-82f2-4f0b-8b63-ec190d3a70ac,Ceremony,2020,0
dfe78af2-779e-4137-826a-3073a16e3278,505e3b3a-9304-40c1-9292-cf8cc4c3ed9f,Memory of a Day,2024,1
e01755e3-58ab-4a5b-a9e9-a0a3bd3dff4c,3353a8a0-a5ab-4970-b34e-090afcc2bba7,Human Performance,2016,1
e01755e3-58ab-4a5b-a9e9-a0a3bd3dff4c,aa504463-ee40-4ca3-bbbf-2c3fb55e3a63,MILANO,2017,0
e01755e3-58ab-4a5b-a9e9-a0a3bd3dff4c,053742a1-ac6a-4a0d-ad40-d1d3b904d5c9,Wide Awake!,2018,1
e01755e3-58ab-4a5b-a9e9-a0a3bd3dff4c,288c6409-6e97-4e9c-baa9-abcf3346a678,Sympathy for Life,2021,1
e07a111e-4e8a-4651-a849-01ac60551ab2,5bf52a8c-71cf-4af2-87bd-6e84efad8ef0,Lotta Sea Lice,2017,1
e07a111e-4e8a-4651-a849-01ac60551ab2,2497ecd5-22e0-495b-a35c-cd3079c5b4ff,Bottle It In,2018,1
e07a111e-4e8a-4651-a849-01ac60551ab2,be9f0937-17e0-4c01-a095-91ca11825a52,(watch my moves),2022,1
e0975164-e68b-45d6-9854-d5d0ce84e671,af7f69f3-193e-4a90-b090-ad15865404be,Die Cut,2018,0
e0975164-e68b-45d6-9854-d5d0ce84e671,723851ab-a7ce-4730-9284-0a1bdc8cd9b0,My 1st Big Crate,2024,0
e0c97a4d-c392-41a9-a374-57af3e3eeab3,c6a72221-c186-4319-91f4-8499dd491762,Projector,2021,0
e0c97a4d-c392-41a9-a374-57af3e3eeab3,d87d8f5d-4d89-45e1-b86d-2f9241db0edc,3D Country,2023,1
e0c97a4d-c392-41a9-a374-57af3e3eeab3,3c18308c-9072-4810-b26e-0c573e46fb07,Getting Killed,2025,1
e0e1a584-dd0a-4bd1-88d1-c4c62895039d,5bce79fb-02c1-4d85-b898-2d0f69bff541,Sacred Hearts Club,2017,0
e0e1a584-dd0a-4bd1-88d1-c4c62895039d,e097279b-a888-43a7-a0c6-3d132ba57479,Paradise State of Mind,2024,0
e1194e66-e4f0-4351-9d26-ac95df530d0c,98e51301-f705-4c6d-a11e-07fa8874c483,Sick Scenes,2017,0
e1194e66-e4f0-4351-9d26-ac95df530d0c,46d87083-4608-471b-b169-563208231ac2,All Hell,2024,0
e13d2935-8c42-4c0a-96d7-654062acf106,4b1dd705-afb8-4eef-b1a7-51c509c01688,Hell‐On,2018,1
e13d2935-8c42-4c0a-96d7-654062acf106,7a243c26-f7f8-4200-97f4-9bf93ccf63da,Neon Grey Midnight Green,2025,1
e160f589-dbe6-4b8f-88b5-f528ff4443b4,dd416534-0dbf-44ae-a276-411d13291d66,Romantic,2016,0
e160f589-dbe6-4b8f-88b5-f528ff4443b4,17e3ab6e-4404-4073-9d1a-4ff2d2df5017,Patience,2019,0
e160f589-dbe6-4b8f-88b5-f528ff4443b4,ed0dba28-0154-4a2f-8d4c-830dfe340ed4,I Got Heaven,2024,1
e1f83b22-d40e-400a-8ebb-4e59b5b53d31,de60da62-c44f-40d1-b8ba-0a75599a8614,"Waffles, Triangles & Jesus",2017,0
e1f83b22-d40e-400a-8ebb-4e59b5b53d31,28f44ed3-efda-42b4-a6da-14ab3fd85ffe,Misfit's Jubilee,2020,0
e1f83b22-d40e-400a-8ebb-4e59b5b53d31,ea4519e3-435c-44ed-a037-4cd64a351c8b,Precious Bane,2025,0
e21857d5-3256-4547-afb3-4b6ded592596,6bcdbd5d-5df7-4217-a25a-05bb07911e20,私 Noodle❗️,2017,0
e21857d5-3256-4547-afb3-4b6ded592596,066f840f-e357-436f-bb0a-47ad7cfcd84a,Humanz,2017,1
e21857d5-3256-4547-afb3-4b6ded592596,593abbcc-0803-47ae-b0fc-e1f5666e9bbc,The Now Now,2018,1
e21857d5-3256-4547-afb3-4b6ded592596,bd8866c2-3d48-4c4e-97d8-442ec2792b40,"Song Machine, Season One: Strange Timez",2020,1
e21857d5-3256-4547-afb3-4b6ded592596,160bc106-a0d1-456e-b704-6f91b05dfa04,Cracker Island,2023,1
e2305342-0bde-4a2c-aed0-4b88694834de,83f5b7c1-3caf-4a76-a1db-156df94aaa24,Sex & Food,2018,1
e2305342-0bde-4a2c-aed0-4b88694834de,4e8fbacf-2736-48a6-9338-aa42efc6c5a9,IC-01 Hanoi,2018,0
e2305342-0bde-4a2c-aed0-4b88694834de,0b2fa2d0-b755-4c3c-bb9b-9cb8ee014892,V,2023,1
e2305342-0bde-4a2c-aed0-4b88694834de,eaf1827b-2f6e-4f61-9e98-2719e27f8544,IC-02 Bogotá,2025,0
e23eac42-f904-47da-8599-823ff431bea4,64557a49-c423-4f87-b081-f0c3ccd17e98,Soulrocker,2016,0
e23eac42-f904-47da-8599-823ff431bea4,e7219af7-c565-4dff-961a-412c458d1d4e,"Stay Human, Vol. II",2019,0
e23eac42-f904-47da-8599-823ff431bea4,fbf555ba-5e29-4f4f-84ea-6a3f96e8393d,Work Hard & Be Nice,2020,0
e23eac42-f904-47da-8599-823ff431bea4,0fb7de54-8ceb-4eda-b24e-b560b96b88f4,Follow Your Heart,2022,0
e23eac42-f904-47da-8599-823ff431bea4,12633803-298a-4269-9b59-fb2cb88860a8,Big Big Love,2023,0
e23eac42-f904-47da-8599-823ff431bea4,6bbf64c0-87df-4790-9a3d-32613947a6af,Welcome to the Family,2025,0
e36e78eb-3ace-4acd-882c-16789e700ab7,474906cf-88cc-414e-9b50-e8112dd44431,The Center Won’t Hold,2019,1
e36e78eb-3ace-4acd-882c-16789e700ab7,66018a12-50af-4274-be9c-16706fc60507,Path of Wellness,2021,1
e36e78eb-3ace-4acd-882c-16789e700ab7,369bf9b7-87e3-48f1-9b8e-03033428cb3e,Dig Me In: A Dig Me Out Covers Album,2022,0
e36e78eb-3ace-4acd-882c-16789e700ab7,ebfca4fe-da13-4edc-818a-1facf255d0fc,Little Rope,2024,1
e3bda984-f349-4924-b4b8-f72478bbb3f3,5768576a-679d-4ae4-a04d-e41da4998aa1,Turn Out the Lights,2017,1
e3bda984-f349-4924-b4b8-f72478bbb3f3,03e8da57-fd08-4864-89e7-4919ddfe4735,Little Oblivions,2021,1
e3bda984-f349-4924-b4b8-f72478bbb3f3,d2499df0-5047-470e-aef5-34d18c87caf5,Send a Prayer My Way,2025,0
e3f139c7-11bc-4803-82be-2bac85ca3c61,ee602143-b292-49dc-8f80-210c281333ea,Absolute Loser,2016,0
e3f139c7-11bc-4803-82be-2bac85ca3c61,dee4fa0d-ae27-48d3-9027-924451946041,The Glory of Fruit Bats,2016,0
e3f139c7-11bc-4803-82be-2bac85ca3c61,33d69633-5642-416f-a3be-4f18b7cc65c0,Gold Past Life,2019,0
e3f139c7-11bc-4803-82be-2bac85ca3c61,3c804f15-56a0-437b-b007-3491bd105c45,Siamese Dream,2020,0
e3f139c7-11bc-4803-82be-2bac85ca3c61,7f4481b3-33dd-4dee-976e-7db49c60669f,The Pet Parade,2021,0
e3f139c7-11bc-4803-82be-2bac85ca3c61,3d665b1c-4ef8-477d-a640-2bf33178bfbb,A River Running to Your Heart,2023,0
e3f139c7-11bc-4803-82be-2bac85ca3c61,0be1f55d-ec77-41ce-9e82-0e1d3e959f06,A Decoration,2024,0
e3f139c7-11bc-4803-82be-2bac85ca3c61,f4f7a5f4-ba8d-4b52-80f2-8ba7e56c91ea,Baby Man,2025,0
e49dd402-2297-4192-a359-48b233d39cd4,9d1538bb-4c70-422a-9df5-4827ecb164cb,Next Thing,2016,1
e49dd402-2297-4192-a359-48b233d39cd4,e7d385c3-6e87-4984-b3e2-a2346bfc2552,Vessel,2018,0
e49dd402-2297-4192-a359-48b233d39cd4,59eaf2bb-6eae-4f51-b2fd-61f7ecdc1f1c,Close It Quietly,2019,0
e49dd402-2297-4192-a359-48b233d39cd4,cdd4cb2a-a6ec-42b8-9d78-8c6c587ce98c,Inner World Peace,2022,0
e49dd402-2297-4192-a359-48b233d39cd4,87b60a60-c960-4e05-a1c3-d1a23ab298f9,Different Talking,2025,0
e4c226f2-ba57-483f-be6b-3391112244b8,b4a7d014-ee72-4637-8158-8f5311537cea,Understanding,2018,0
e520459c-dff4-491d-a6e4-c97be35e0044,0da340a0-6ad7-4fc2-a272-6f94393a7831,Blonde,2016,1
e5306b29-16c0-4520-bb05-6b21f041b2f0,ef53005d-918f-49c1-9e65-4c595d5939ae,A Crow Looked at Me,2017,1
e5306b29-16c0-4520-bb05-6b21f041b2f0,5cd7f051-a173-4d7a-84a2-74f6976139c0,Now Only,2018,0
e5306b29-16c0-4520-bb05-6b21f041b2f0,cd4daebe-4e47-4b36-b734-5f0ed227ed5a,"Lost Wisdom, pt. 2",2019,0
e5306b29-16c0-4520-bb05-6b21f041b2f0,eb75fe35-d1fe-4b45-ab4f-c262947eccdc,Night Palace,2024,0
e56aee57-d90e-40cf-a70d-beb70f6f3c69,2f915251-f0f3-4a08-9f31-4f3cbcfcbf3b,99.9%,2016,1
e56aee57-d90e-40cf-a70d-beb70f6f3c69,7cf8145c-75a6-473c-90a6-6a36c7164f72,BUBBA,2019,0
e56aee57-d90e-40cf-a70d-beb70f6f3c69,0fd818df-8f32-458c-bea3-7b54668771fa,TIMELESS,2024,0
e56aee57-d90e-40cf-a70d-beb70f6f3c69,ffccb1d3-f9e1-4a1f-96c0-3f0e97bb5ae4,AIN’T NO DAMN WAY!,2025,0
e5aa5d68-311e-435e-a143-68165adb05ca,e3a1fff6-4df0-4dd5-970d-21f678394285,Hello Dog Friendly,2016,0
e5aa5d68-311e-435e-a143-68165adb05ca,7e3cc4cc-940e-404b-889b-7f97e2921337,misery radio,2016,0
e5aa5d68-311e-435e-a143-68165adb05ca,ec479c8c-d04f-42d1-a3ee-715918fa2e2d,i'm not sure anymore,2016,0
e5aa5d68-311e-435e-a143-68165adb05ca,f54581d4-fd93-4a15-b5f1-e0382dc7119a,"Rice, Pasta and Other Fillers",2016,0
e5aa5d68-311e-435e-a143-68165adb05ca,86b8e358-ca78-4efa-9784-b55dd0fdc5e0,Bad Breath,2017,0
e5aa5d68-311e-435e-a143-68165adb05ca,6bbb582d-a671-4a16-8b2d-0f46eb344712,Every Bad,2020,1
e5aa5d68-311e-435e-a143-68165adb05ca,aece812b-f8b2-4aad-b25c-065009a353bd,"Waterslide, Diving Board, Ladder to the Sky",2022,1
e5aa5d68-311e-435e-a143-68165adb05ca,53655195-c218-4e28-b66e-1b3bb7c3c119,Clouds in the Sky They Will Always Be There for Me,2024,0
e5c7b94f-e264-473c-bb0f-37c85d4d5c70,2737ba51-26ff-433f-bade-afd00f6f9249,A Bit of Previous,2022,0
e5c7b94f-e264-473c-bb0f-37c85d4d5c70,305a8d6d-6b43-4dee-bc8c-f432131dd160,Late Developers,2023,0
e618770f-e994-41c3-856f-1eedf56b6d74,325c67c4-0745-4aac-a766-f10e7f50527d,The Black Light,2018,0
e618770f-e994-41c3-856f-1eedf56b6d74,0357a61f-f5f3-44b1-9d72-918b154c2f78,Home,2025,0
e6424fa5-08d3-41c6-96f3-8549f733708c,18cdc08c-03a1-4e55-9624-b7f9dbb968f5,Let God Sort Em Out,2025,1
e675295a-1efe-4247-aa3b-53b78d0cdffc,4bea5ba5-54a4-4f06-93c0-78883705173f,Digital Garbage,2018,1
e675295a-1efe-4247-aa3b-53b78d0cdffc,3d24898f-dd27-47bc-87ba-c00ffe496422,Plastic Eternity,2023,0
e6eda7e1-2758-47c5-80e3-77493a7e469f,0133ebf1-715b-499b-b68a-9c009fdde681,Heaven,2018,1
e70fa82b-1080-42a9-b4d0-bae7f02e66d0,16cded04-e5a3-4831-832b-3c73eb522ca7,Flash in the Pan,2016,0
e70fa82b-1080-42a9-b4d0-bae7f02e66d0,6a3ec067-0d07-434b-b809-6e76d782ee43,The Underdog,2018,0
e70fa82b-1080-42a9-b4d0-bae7f02e66d0,b2fe9052-41a9-4a30-9ad6-aeb6b6d9d3e1,Out in the World,2020,0
e70fa82b-1080-42a9-b4d0-bae7f02e66d0,b47b4889-98d0-42ab-8c75-9ac3f6b3bb8c,Saturnia,2023,0
e70fa82b-1080-42a9-b4d0-bae7f02e66d0,d0ca17e0-22fb-4846-8318-a3f1f866ceb5,Ill Times,2024,1
e795e03d-b5d5-4a5f-834d-162cfb308a2c,805f6d35-5841-4339-9ee3-fa6ef9afa890,The Hope Six Demolition Project,2016,1
e795e03d-b5d5-4a5f-834d-162cfb308a2c,b2ad526e-08f1-4852-8adb-f7e3bd29cd57,I Inside the Old Year Dying,2023,1
e8160bb0-f4ba-4577-9e82-04d8f7ddcca4,87e8e6c6-edeb-42eb-82ea-a0460019499e,Human Ceremony,2016,0
e8160bb0-f4ba-4577-9e82-04d8f7ddcca4,97bd0c42-b6d7-4c16-9438-2616b23d8ffd,Twentytwo in Blue,2018,1
e8160bb0-f4ba-4577-9e82-04d8f7ddcca4,97e718fb-e565-4a95-a042-8a874163214a,Headful of Sugar,2022,0
e8160bb0-f4ba-4577-9e82-04d8f7ddcca4,479d5e4c-84d9-486e-ac8a-8bc874f506f2,Mortal Primetime,2025,0
e86c1345-25e1-46cc-94c7-7056d301a7ab,6d76e7a9-83f7-434d-b07f-049bd7fb1d79,Messes,2017,0
e86c1345-25e1-46cc-94c7-7056d301a7ab,de9e7004-3168-46e2-83d9-715639dde598,Midnight,2019,1
e8c28ca7-c14d-4dff-86d6-06bfac138422,84b2b9e4-5cb8-4dd3-baf5-1d41ec0572d4,Queens of the Breakers,2017,0
e8c28ca7-c14d-4dff-86d6-06bfac138422,b60707c8-f01d-4527-bf10-6767954a32b5,Let it Hiss,2025,0
e938a15c-b17e-4e7a-9f68-ff0d536cab44,240e7810-1c7a-45c0-8537-339ee98c78ef,Damage and Joy,2017,1
e938a15c-b17e-4e7a-9f68-ff0d536cab44,27c22707-7f36-42dc-9da1-e14c8b0176ab,Glasgow Eyes,2024,1
e9403d9c-329b-4108-a26f-564159d441d9,968b13bb-026b-410e-831e-a7bb7418ea60,For the First Time,2021,1
e9403d9c-329b-4108-a26f-564159d441d9,d622ed70-ccc3-4658-8a0a-b7a2d577c28d,Ants From Up There,2022,1
e9403d9c-329b-4108-a26f-564159d441d9,23a9b1c2-3dd1-408e-89cb-ca0b81429176,Forever Howlong,2025,1
e9aed5e5-ed35-4244-872e-194862290295,eb5aebaa-a375-4795-9c3b-cbfdeb72f977,The Psychedelic Swamp,2016,0
e9aed5e5-ed35-4244-872e-194862290295,ffd7331d-a8b9-44df-9c4d-5c5fd59d9658,Midi Swamp,2016,0
e9aed5e5-ed35-4244-872e-194862290295,573bafd3-1386-4fdf-81da-c80f2c15f3ee,Abandoned Mansion,2016,0
e9aed5e5-ed35-4244-872e-194862290295,b9577f8e-060a-472a-b5e1-b687b7d010a1,Critical Equation,2018,0
e9aed5e5-ed35-4244-872e-194862290295,39058512-b2e6-4254-869e-d7c874f3dc41,Dr. Dog,2024,0
ea5883b7-68ce-48b3-b115-61746ea53b8c,a64a1915-2883-4f21-95b6-61a57d557851,The Waterfall II,2020,1
ea5883b7-68ce-48b3-b115-61746ea53b8c,2dbf59ee-b48d-4c18-9ff6-db03ef9a42ee,My Morning Jacket,2021,1
ea5883b7-68ce-48b3-b115-61746ea53b8c,caf70aec-a632-46d2-83af-0bd48574c789,Happy Holiday!,2023,0
ea5883b7-68ce-48b3-b115-61746ea53b8c,fc90e851-b26e-4648-9ff7-e979a336757b,is,2025,1
ea99eec5-bd72-4b4f-86e4-54c5a34f7e10,87440a70-f375-4b52-957b-06539793bbe3,Hurt & The Merciless,2016,0
ea99eec5-bd72-4b4f-86e4-54c5a34f7e10,70624e51-924d-4765-92d4-a70f779388a3,Sons,2019,0
ea99eec5-bd72-4b4f-86e4-54c5a34f7e10,14f35061-ce00-49d6-bc9a-564c3e17cf79,AMEN,2023,0
eac962e1-0295-4e69-a266-4dab2adb4f11,19e2eef6-8fa6-485d-9be2-df6b4bd13a8b,Singing Saw,2016,1
eac962e1-0295-4e69-a266-4dab2adb4f11,ce2c280d-0477-4901-ae43-86d0df621d10,City Music,2017,1
eac962e1-0295-4e69-a266-4dab2adb4f11,41c741fa-0bf3-44e7-a556-23c630158005,Oh My God,2019,1
eac962e1-0295-4e69-a266-4dab2adb4f11,4a69bde2-1223-4d98-b694-2663711a4307,Sundowner,2020,1
eac962e1-0295-4e69-a266-4dab2adb4f11,255dec0f-b481-45ad-bb6e-8106ceac1c07,This Is a Photograph,2022,1
eac962e1-0295-4e69-a266-4dab2adb4f11,d5c4aa2c-6475-46d1-abce-4368e160daa0,More Photographs (A Continuum),2023,0
ead4fa2d-2ecc-47f6-8ad0-01d26683e7db,872ad3a7-22f6-4d4f-85ab-3b6475d83911,Brutalism for Lovers,2019,0
ead4fa2d-2ecc-47f6-8ad0-01d26683e7db,297df29f-3a64-43af-9ed1-6444448a8a13,The Butcher's Bill,2024,0
eaefd603-84c1-4db4-a72b-0cb718a0cc07,94bb3171-c9cb-4685-9b8a-c03c6cd22a66,Groove Denied,2019,0
eaefd603-84c1-4db4-a72b-0cb718a0cc07,8126c6e7-cb51-42b6-ac25-77482193b09a,Traditional Techniques,2020,0
ec091c5c-cb67-47e7-a2c9-e61ec1afc17a,7d1208de-f5b9-44fc-bfb3-63cd748468c3,Kings and Queens / Knaves and Thieves,2019,0
ec863030-7c13-45a3-a025-a69195d3a020,31f93fca-ae2c-4ed2-ac44-9a6e4943eff2,Colvin & Earle,2016,0
ec863030-7c13-45a3-a025-a69195d3a020,cc39c817-682b-4b71-9f7c-f7bcc9be9e24,Ghosts of West Virginia,2020,0
ecbd1331-95b6-4a77-b739-b4bd8ef222a7,c924207c-0fdf-4be1-9623-c0f8fb342ee4,Notes of Blue,2017,0
ecbd1331-95b6-4a77-b739-b4bd8ef222a7,d5ff86b5-8cb5-4a44-b244-358180172031,Union,2019,0
ecbd1331-95b6-4a77-b739-b4bd8ef222a7,f9ab534e-e281-4e3c-8d3a-448c968f4528,Electro Melodier,2021,0
ecbd1331-95b6-4a77-b739-b4bd8ef222a7,6892c15a-4ced-4895-b9f1-b4893dc424f8,Day of the Doug,2023,0
ecd00b8b-f697-4d90-8641-6633af356747,c6ae5ab2-e785-4cdc-9b27-7add7fada3a7,Growing Up,2022,1
ecd00b8b-f697-4d90-8641-6633af356747,3fb342bc-2a71-4219-a8ba-8f274fbb4e24,No Obligation,2024,0
ed924a5c-b7a6-4df4-ada5-1fde52f17387,e943e56f-5a36-4fb0-af91-76f01dddf9f9,Introducing…,2021,1
ed924a5c-b7a6-4df4-ada5-1fde52f17387,ca625fc1-480e-4c4a-92ed-5a47cbd18421,Into the Blue,2024,0
eda7da10-0b65-41df-ac36-9c83b7017f7a,99458e58-4028-4eeb-9c46-260d9fbb24b4,The Weather Station,2017,0
eda7da10-0b65-41df-ac36-9c83b7017f7a,297db407-0049-42c3-8640-e05174f3b5b8,Ignorance,2021,1
eda7da10-0b65-41df-ac36-9c83b7017f7a,6041cc8a-6e77-48be-8aef-93480d3fdd3d,How Is It That I Should Look at the Stars,2022,0
eda7da10-0b65-41df-ac36-9c83b7017f7a,7653f4bc-3293-4195-8d66-b2e8701fee8c,Humanhood,2025,0
edbaa513-b8d3-4e8f-b81f-ef640b8ad128,8432889a-a8e4-41fc-b9bb-b8231b862304,In The Moment That You’re Born,2023,0
edda8263-7286-4227-9dc4-9ed8e6177f84,8605b2b6-c590-483e-8cb4-be6e20ca538a,Onion,2018,0
edda8263-7286-4227-9dc4-9ed8e6177f84,bbb4070d-9960-4fe6-b50c-da3327cf1534,Year of the Spider,2021,0
edda8263-7286-4227-9dc4-9ed8e6177f84,3bdff444-eb6c-4ad2-9731-6d772cad602f,The Moon Is in the Wrong Place,2024,1
ee190f6b-7d98-43ec-b924-da5f8018eca0,c3b6435c-2698-4909-9879-d80439e180fe,Dirty Computer,2018,1
ee190f6b-7d98-43ec-b924-da5f8018eca0,b002f5a0-5687-41b5-9042-e455489ca041,The Age of Pleasure,2023,1
ee5f52b5-d98d-4f9b-aef9-ff4b3b45d24e,badecb3e-fab9-4e2d-bf9d-9dcef78bbc3a,Delicious Trouble,2016,1
ee88a13a-f9fd-45f0-a7dd-3551566c4976,2399cefe-5436-430c-8e88-c550de9bb079,Psychotic Spew,2024,1
ef2c6449-d02b-415b-ad8c-c14c08266552,078d1fa7-57d1-4cb4-b6ac-6c6e69408358,Jesu / Sun Kil Moon,2016,0
ef2c6449-d02b-415b-ad8c-c14c08266552,9b51094b-7397-4c52-ab39-1ee16973ee81,Common as Light and Love Are Red Valleys of Blood,2017,0
ef2c6449-d02b-415b-ad8c-c14c08266552,45b4acbb-cabc-44c9-98b4-e4e7350ca89f,30 Seconds to the Decline of Planet Earth,2017,0
ef2c6449-d02b-415b-ad8c-c14c08266552,81b3f9bf-9569-4e64-822f-48552e411ec7,This Is My Dinner,2018,0
ef2c6449-d02b-415b-ad8c-c14c08266552,96ae42c0-a757-43bb-81e7-4762743d1a84,I Also Want to Die in New Orleans,2019,0
ef2c6449-d02b-415b-ad8c-c14c08266552,b18379ed-2b85-4957-9320-5afd7deeabbd,"Welcome to Sparks, Nevada",2020,0
ef2c6449-d02b-415b-ad8c-c14c08266552,8e5dc0f2-6d13-4660-b162-9cf33b146913,Lunch in the Park,2021,0
ef2c6449-d02b-415b-ad8c-c14c08266552,21d0ad96-699c-4eb4-b90e-af2e24d1d261,Quiet Beach House Nights,2023,0
ef2c6449-d02b-415b-ad8c-c14c08266552,716c5dc4-96ee-4381-a769-e292d1bfa6d5,Sun Kil Moon and Amoeba,2024,0
ef2c6449-d02b-415b-ad8c-c14c08266552,6ddac4f4-3c8d-4840-9acb-a0bab3426ec6,All the Artists,2025,0
ef2c6449-d02b-415b-ad8c-c14c08266552,456fd200-2083-4404-966f-d9553ecd0b66,"Sun Kil Moon and Amoeba, Vol. II",2025,0
efa2c11a-1a35-4b60-bc1b-66d37de88511,1b132f77-9b75-4532-9701-b3f00f1d6148,The Mountain Will Fall,2016,1
efa2c11a-1a35-4b60-bc1b-66d37de88511,42324d2f-de77-4bad-a484-586d8a986d80,Our Pathetic Age,2019,0
efa2c11a-1a35-4b60-bc1b-66d37de88511,385c1a24-903a-488d-b9ea-b464807f72f5,Action Adventure,2023,0
f0c8f75f-8736-4b1d-b312-9349fcff321d,6a2c2615-d3f4-41aa-bc95-033925572a96,Victorious,2016,0
f0c8f75f-8736-4b1d-b312-9349fcff321d,9e1fe0be-79b9-4c0d-aced-be301e1a9563,Rock’n’Roll Baby,2019,0
f0c8f75f-8736-4b1d-b312-9349fcff321d,8cf5be40-5505-486e-b29e-df97a3658a01,Rock Out,2021,0
f11ab2aa-4a60-49b2-b37b-505a05b5d179,bde3fa81-25ae-4869-bfd7-3326cd6344e2,Snowdonia,2017,0
f11ab2aa-4a60-49b2-b37b-505a05b5d179,7f409e2a-cc45-4480-bd43-9b0826b1a69f,Covers,2017,0
f11ab2aa-4a60-49b2-b37b-505a05b5d179,c5cd8ee6-042a-43cb-a5dd-52c2ee4c9762,Carefree Theatre,2020,0
f180cec2-9421-4417-a841-c7372090d13d,1e9b5a25-1080-4419-bf64-ad3de1e3749d,Vertigo Days,2021,0
f181961b-20f7-459e-89de-920ef03c7ed0,43ca5aa6-92de-47e9-8f0b-9112e4881426,The New Abnormal,2020,1
f1c5239b-0c9c-4453-8620-168df0b7f636,94d6a299-c6f1-45d0-bf70-bf84220660b2,Purple Mountains,2019,1
f1df0431-9250-4ec8-95d8-f19ce7cf7fb6,446fc616-c4db-46ce-8d4c-e4efc019b3f8,Instant Holograms on Metal Film,2025,1
f2492c31-54a8-4347-a1fc-f81f72873bbf,f48b5c40-6343-4d94-b306-3591d294caeb,This Old Dog,2017,1
f2492c31-54a8-4347-a1fc-f81f72873bbf,e3319d41-37c3-442c-bfe9-e8d55537a7ad,Here Comes the Cowboy,2019,1
f2492c31-54a8-4347-a1fc-f81f72873bbf,acc81285-a337-49ad-9a81-9648eeeed048,Five Easy Hot Dogs,2023,0
f2492c31-54a8-4347-a1fc-f81f72873bbf,ea5be93c-ed2d-4c8a-8bcc-250b2909fb44,Guitar,2025,1
f2492c31-54a8-4347-a1fc-f81f72873bbf,3bcefa99-3213-4eaf-b452-a7f5b26fd6e1,Dog on the Rock,2025,0
f24c343a-5c24-4633-8ae4-9a3e8cc1eee7,03ed3264-5de8-4b8a-953f-a0998b306131,The Family,2016,0
f24c343a-5c24-4633-8ae4-9a3e8cc1eee7,6cf2acee-e55f-4bef-8a17-e6d05bcd4c80,Come Back World,2019,0
f26c72d3-e52c-467b-b651-679c73d8e1a7,0181ab9f-5d34-45c0-bc12-166a39c30f2c,Shake the Shudder,2017,0
f26c72d3-e52c-467b-b651-679c73d8e1a7,67146178-87cd-4b6d-811c-c7342739c7d6,Wallop,2019,0
f26c72d3-e52c-467b-b651-679c73d8e1a7,86a9fbb8-a581-4634-ba60-1c89dc222a5e,Let It Be Blue,2022,0
f32d94e8-8d55-4ee2-9077-53d1c024a03b,86e9efa3-ab7b-4d13-af91-64dd233cce5e,Do Hollywood,2016,0
f32d94e8-8d55-4ee2-9077-53d1c024a03b,d60291bc-a4e1-44bb-ab7c-91bcdd0310be,Go to School,2018,0
f32d94e8-8d55-4ee2-9077-53d1c024a03b,cca29242-2d75-4010-a96f-d3e4c12cfd3b,Songs for the General Public,2020,0
f32d94e8-8d55-4ee2-9077-53d1c024a03b,07c05371-f3fb-49e7-aa0e-2884e8571c3e,Everything Harmony,2023,0
f32d94e8-8d55-4ee2-9077-53d1c024a03b,1b90d83e-329c-44ba-ba6f-7ddc47d44a7e,A Dream Is All We Know,2024,1
f32d94e8-8d55-4ee2-9077-53d1c024a03b,ce451ffe-4a71-4f7c-8acc-f0acba291dcb,Written by Ronnie D’Addario,2025,0
f36f2a6d-91fa-40cd-a282-9156c895ffed,94ee8e4d-07d8-4c7f-99d6-7006017bec9a,North Dakota Impressions,2016,0
f36f2a6d-91fa-40cd-a282-9156c895ffed,87122e2e-e467-469f-bd55-0d925c51c8a8,Treasures Untold,2017,0
f36f2a6d-91fa-40cd-a282-9156c895ffed,2442a1eb-89a9-4b43-9ddb-dec478444776,"In the Shadow of the Hill: Songs From the Carter Family Catalogue, Vol. 1",2019,0
f36f2a6d-91fa-40cd-a282-9156c895ffed,464c3c06-2b97-4656-be9c-8b6c804d5dbc,The Prairie,2020,0
f36f2a6d-91fa-40cd-a282-9156c895ffed,69b527ff-234b-46de-8082-7af3bce0c82a,"A Lifetime Ago, Volume Three",2021,0
f36f2a6d-91fa-40cd-a282-9156c895ffed,733bf421-cabf-48a9-8e11-f3eb403a7dc5,From Blue & White Notebooks,2022,0
f36f2a6d-91fa-40cd-a282-9156c895ffed,fed6a1d1-4b0e-4b05-b037-a1c5006ea0e3,"Songs from The Great American Folk Show, Vol. 1",2023,0
f37b3f31-b1f8-4b88-8cb5-b34f709b17d7,4277f167-a71e-46bb-a69e-439dcd5a37e2,Post Pop Depression,2016,1
f37b3f31-b1f8-4b88-8cb5-b34f709b17d7,0e18bb05-c65f-4d2f-a473-3407e99459db,Loneliness Road,2017,0
f37b3f31-b1f8-4b88-8cb5-b34f709b17d7,cde51524-8d95-404a-9d25-97652717d502,Free,2019,0
f37b3f31-b1f8-4b88-8cb5-b34f709b17d7,6496c3d0-e3e4-4aaf-8d51-0b4dfe607b82,The Acid Lands,2020,0
f37b3f31-b1f8-4b88-8cb5-b34f709b17d7,b5c4f8a3-9286-47d3-935a-f5a5cd70becc,Every Loser,2023,0
f3bcf7b3-be33-493b-8557-b201b3567828,15f0397d-8ff7-4588-8aa4-fe93f6b60c57,The Heart Watches While the Brain Burns,2016,0
f3e2ad21-900e-46a0-8597-2a3e457a7c27,d44fc046-bb50-45a8-9aac-80184299dbb6,Pentagram,2018,0
f3e2ad21-900e-46a0-8597-2a3e457a7c27,296f8caa-1d55-4c8d-b461-b1dab3d31618,Backstage,2020,0
f44faa22-e7b5-401b-9016-e34f4b06427b,8d663fc6-6ae2-4b8b-b242-c0e65bd73b44,Bread & Butter,2017,1
f44faa22-e7b5-401b-9016-e34f4b06427b,48c224f6-8100-4c0d-8cde-8323c084bd26,Psycho World,2020,0
f4805b9d-68f8-438e-8f13-ec7bcb4c8581,b5f824e8-eed3-45a0-812a-95312ca7a577,Visions of Us on the Land,2016,1
f4805b9d-68f8-438e-8f13-ec7bcb4c8581,13b572ec-5305-426d-81e3-4a8a4af6508f,The Horizon Just Laughed,2018,1
f4805b9d-68f8-438e-8f13-ec7bcb4c8581,67036c87-ac2c-440b-9de1-f5361ba0f3e6,In the Shape of a Storm,2019,0
f4805b9d-68f8-438e-8f13-ec7bcb4c8581,52787757-ada5-489e-bf59-b88706ac5fbc,"What's New, Tomboy?",2020,0
f4805b9d-68f8-438e-8f13-ec7bcb4c8581,5499519d-c287-47de-b05d-69e0fd482232,The Monster Who Hated Pennsylvania,2021,0
f4805b9d-68f8-438e-8f13-ec7bcb4c8581,9c527e07-f32d-48d1-b9c9-4f36f92ab159,Reggae Film Star,2022,0
f4805b9d-68f8-438e-8f13-ec7bcb4c8581,900dd801-99c5-4ecc-acf8-36a9ce5e2107,Sometimes You Hurt the Ones You Hate,2023,0
f4805b9d-68f8-438e-8f13-ec7bcb4c8581,a3353678-d14e-4338-84a4-69596da3df0d,Motorcycle Madness,2023,0
f4805b9d-68f8-438e-8f13-ec7bcb4c8581,e6fd3b07-4306-4335-b1e0-fded2ee30076,Passing the Giraffes,2023,0
f4805b9d-68f8-438e-8f13-ec7bcb4c8581,1c0ef64d-f4c5-44ad-9762-43a60c6fbcf0,Motorcycle Madness ('25),2025,0
f4805b9d-68f8-438e-8f13-ec7bcb4c8581,67f8eba6-0759-486c-864a-c83eb2954fee,Private Hospital,2025,0
f4abc0b5-3f7a-4eff-8f78-ac078dbce533,72375978-a9a1-4254-b957-85565c716b7e,"WHEN WE ALL FALL ASLEEP, WHERE DO WE GO?",2019,1
f4abc0b5-3f7a-4eff-8f78-ac078dbce533,3ac5236a-3bd8-44c6-ab60-69b013594ae6,Happier Than Ever,2021,0
f4abc0b5-3f7a-4eff-8f78-ac078dbce533,02a544b3-0459-42c7-bd9c-047162e7b67a,HIT ME HARD AND SOFT,2024,0
f4ccf6c5-ad41-4f8f-bb9e-6e2c6ad23302,ea7fee59-2096-4aaf-8725-31298098c8e7,Ordinary Corrupt Human Love,2018,0
f4ccf6c5-ad41-4f8f-bb9e-6e2c6ad23302,6d015238-53a5-4dc6-8c83-0afd2b6e350a,Infinite Granite,2021,1
f4ccf6c5-ad41-4f8f-bb9e-6e2c6ad23302,f88055a1-f78c-4344-8765-e4ec22eb8bf8,Lonely People With Power,2025,1
f58384a4-2ad2-4f24-89c5-c7b74ae1cce7,7c365e51-de7b-4c72-80dd-4e0536258c6e,Nonagon Infinity,2016,1
f58384a4-2ad2-4f24-89c5-c7b74ae1cce7,ad6e81ac-2298-4e1d-849f-226953c9a30a,Flying Microtonal Banana,2017,1
f58384a4-2ad2-4f24-89c5-c7b74ae1cce7,077ec90c-5c38-4d11-ba85-2edecad8d26b,Murder of the Universe,2017,0
f58384a4-2ad2-4f24-89c5-c7b74ae1cce7,e21e9e38-9cbe-49aa-b008-2944a4e89275,Sketches of Brunswick East,2017,0
f58384a4-2ad2-4f24-89c5-c7b74ae1cce7,df1f3af0-6004-44d3-9a32-12913fdc357c,Polygondwanaland,2017,0
f58384a4-2ad2-4f24-89c5-c7b74ae1cce7,c6fc4f99-6c1f-46aa-8faf-2c22154d26c4,Gumboot Soup,2017,1
f58384a4-2ad2-4f24-89c5-c7b74ae1cce7,9290127a-0f47-48c2-a2f6-c68e18644d96,Fishing for Fishies,2019,0
f58384a4-2ad2-4f24-89c5-c7b74ae1cce7,8ef7f453-bf44-4bcc-bdb8-ac86eadf90fe,Infest the Rats’ Nest,2019,1
f58384a4-2ad2-4f24-89c5-c7b74ae1cce7,8755fac8-9e89-45f5-acdf-286440c431c8,K.G.,2020,0
f58384a4-2ad2-4f24-89c5-c7b74ae1cce7,cce52fc7-408a-43bf-9c86-f77e358877dd,L.W.,2021,1
f58384a4-2ad2-4f24-89c5-c7b74ae1cce7,0d818618-f507-4a76-a245-7b9c86738b68,Butterfly 3000,2021,1
f58384a4-2ad2-4f24-89c5-c7b74ae1cce7,83f2ee3f-f4cf-4b36-8b55-249dc42d96f0,Made in Timeland,2022,0
f58384a4-2ad2-4f24-89c5-c7b74ae1cce7,13c20751-6910-4233-8e81-a4b772b517c0,Omnium Gatherum,2022,1
f58384a4-2ad2-4f24-89c5-c7b74ae1cce7,42e0586b-7ef2-4254-a056-8db8d90df8c5,"Ice, Death, Planets, Lungs, Mushrooms and Lava",2022,1
f58384a4-2ad2-4f24-89c5-c7b74ae1cce7,5e2fb12b-ab85-4fe7-be3c-48687f104502,Laminated Denim,2022,0
f58384a4-2ad2-4f24-89c5-c7b74ae1cce7,46b8a415-405e-44ed-ba65-0aeed626355c,Changes,2022,1
f58384a4-2ad2-4f24-89c5-c7b74ae1cce7,381a758e-82bf-403f-85ea-b4f97ed1e0b7,"PetroDragonic Apocalypse; or, Dawn of Eternal Night: An Annihilation of Planet Earth and the Beginning of Merciless Damnation",2023,1
f58384a4-2ad2-4f24-89c5-c7b74ae1cce7,70cbf290-4584-4a31-a459-409fa9c8610a,The Silver Cord,2023,1
f58384a4-2ad2-4f24-89c5-c7b74ae1cce7,2dc473a8-c4af-4dc0-8907-c609bf953499,Flight b741,2024,1
f58384a4-2ad2-4f24-89c5-c7b74ae1cce7,716f0986-f131-4e3c-a140-55845bbded3c,Phantom Island,2025,1
f5c4c27e-5902-4fc0-adfb-7775da3d5363,a21322f8-4415-41f8-b1bd-50ad32c12497,Negus,2019,0
f6621a8d-5644-460a-b0a8-9171cb2c595d,66393333-3e8a-4a18-ade5-007934ec1ad4,Blondshell,2023,1
f6621a8d-5644-460a-b0a8-9171cb2c595d,791d0f83-6cd4-45d6-9c01-190a2a9eba41,If You Asked for a Picture,2025,1
f6621a8d-5644-460a-b0a8-9171cb2c595d,c3b6474a-63d4-4e25-8bbb-b334f819ce64,Another Picture,2025,0
f6beac20-5dfe-4d1f-ae02-0b0a740aafd6,e248e931-c26c-4c94-aba2-2f89ce583901,Flower Boy,2017,1
f6beac20-5dfe-4d1f-ae02-0b0a740aafd6,0f1b9e07-b38b-4bba-9794-55e0924d7177,IGOR,2019,1
f6beac20-5dfe-4d1f-ae02-0b0a740aafd6,c65de046-7a48-4269-b4e5-4db0ed328f47,CALL ME IF YOU GET LOST,2021,1
f6beac20-5dfe-4d1f-ae02-0b0a740aafd6,ae229bdd-2179-440c-bc78-acf0952914d4,CHROMAKOPIA,2024,0
f6beac20-5dfe-4d1f-ae02-0b0a740aafd6,34cefdcf-dd34-408b-aafd-b55ffa9ccc4a,DON’T TAP THE GLASS,2025,1
f6e61750-a6b7-4d88-979b-052345cd0e4a,4ac57a19-921e-4dca-8a0e-bbdc0a2b5240,A Sailor’s Guide to Earth,2016,1
f6e61750-a6b7-4d88-979b-052345cd0e4a,a8ed767b-cb92-4c1c-bf97-147fa56b1180,SOUND & FURY,2019,1
f6e61750-a6b7-4d88-979b-052345cd0e4a,945eea4e-c42e-4b86-976b-df4604b15d35,Cuttin’ Grass Vol. 1: The Butcher Shoppe Sessions,2020,1
f6e61750-a6b7-4d88-979b-052345cd0e4a,d220f33c-b69c-4354-b411-bf6df9e40271,Cuttin’ Grass Vol. 2: The Cowboy Arms Sessions,2020,0
f6e61750-a6b7-4d88-979b-052345cd0e4a,7ba12a78-e4b3-450f-96ec-caf29a1abcee,The Ballad of Dood & Juanita,2021,1
f6f2326f-6b25-4170-b89d-e235b25508e8,b67d5f9d-831e-4d88-984f-d0f7587f4157,Route One,2017,0
f6f2326f-6b25-4170-b89d-e235b25508e8,0e38be18-6c2e-4c44-af56-0744ba488570,22° Lunar Halo,2019,0
f6f2326f-6b25-4170-b89d-e235b25508e8,321ee51f-ef6c-404d-8a69-25d0f23090b8,Variations on Darkness,2019,0
f6f2326f-6b25-4170-b89d-e235b25508e8,68b3e4db-e0ce-42ed-83ac-0e9b4db6e5bd,Sigur Rós Presents Liminal Sleep,2019,0
f6f2326f-6b25-4170-b89d-e235b25508e8,7a6e4394-1bbe-434c-a8e0-679d5d58e649,ÁTTA,2023,1
f7df5df4-4dfa-459d-972b-1ba051c15ddc,5f27805c-1491-4524-acf7-2293b0d79cf5,Plunge,2017,1
f7df5df4-4dfa-459d-972b-1ba051c15ddc,0babcbe7-a768-4d30-a0a6-3a9098f53a94,Radical Romantics,2023,1
f7f8e2fb-f3d3-4dc4-ad7b-5c6670e76020,18b7474a-2547-49c0-ba5a-15f992c841bd,Camp Cope,2016,0
f7f8e2fb-f3d3-4dc4-ad7b-5c6670e76020,0b3e46bc-d3bc-4d78-abbf-31281dba6f1d,How to Socialise & Make Friends,2018,1
f7f8e2fb-f3d3-4dc4-ad7b-5c6670e76020,8b1eedf2-805a-454e-8b0e-3656a63aa5df,Running With the Hurricane,2022,0
f8a7e6b4-0e44-4792-ab72-ee7e4b04e99d,d68e021d-8740-4f67-aa19-52f7e26b56a0,I Walked With You a Ways,2022,1
f8bc2114-691d-48c7-bc19-41c7126896a8,1685fdb0-8d4e-43f8-a520-af3ce6dbe0d0,DO WE MAKE OF THIS?,2024,1
f8f15c4f-5e51-45f3-b1e1-38132b918036,70b63a5f-7ed9-4963-b239-f94271bb5681,Effluxion,2019,0
f95d0f4f-d344-4acd-bec8-cc512b40f629,34def980-7680-4774-a5e4-8a14993672a9,Don't Let the Kids Win,2016,0
f95d0f4f-d344-4acd-bec8-cc512b40f629,09a69267-c46e-4d68-8381-27517bf3288a,Crushing,2019,1
f95d0f4f-d344-4acd-bec8-cc512b40f629,fe36198d-c1e6-4b63-8170-2541d8c28550,Pre Pleasure,2022,1
fa4f4b89-3ddc-4e97-88fa-0e30121f986a,61121abf-4a5a-48e5-b419-f5c35ec8d7da,Waiting on a Song,2017,1
fa58cf24-0e44-421d-8519-8bf461dcfaa5,de3537cf-8dac-475a-b456-42227e314d7e,Puberty 2,2016,1
fa58cf24-0e44-421d-8519-8bf461dcfaa5,18564a20-d557-4f7c-81e7-8d1d40a1be55,Be the Cowboy,2018,1
fa58cf24-0e44-421d-8519-8bf461dcfaa5,f99a6b54-900b-4f17-bdcf-451639873b5d,Laurel Hell,2022,1
fa58cf24-0e44-421d-8519-8bf461dcfaa5,242741bf-182e-45d9-9276-5af8d1b31ad9,The Land Is Inhospitable and So Are We,2023,1
fa927f59-d443-418a-b741-e557208aaf09,cf0f590d-31d2-4a68-8468-6f4620027927,Visuals,2017,0
fa97dd36-1b82-43d7-a6e4-2adeafd59cef,0a35f45c-c89c-418a-93e5-e29ed1d34caf,Crack‐Up,2017,1
fa97dd36-1b82-43d7-a6e4-2adeafd59cef,46de46b0-ecad-4b12-b26e-2b453b4c001f,Shore,2020,1
fac3ff34-6ba4-425a-8f01-b181ef4a908a,f13091f6-bdd4-4364-abce-20e28815d2f6,I Can Feel You Creep Into My Private Life,2018,1
fac3ff34-6ba4-425a-8f01-b181ef4a908a,3471afbd-b1c9-4852-acf8-3cae147a9e2c,sketchy.,2021,1
fac3ff34-6ba4-425a-8f01-b181ef4a908a,8a2218e9-cd28-45eb-a712-0f945bf20d8c,Better Dreaming,2025,1
fae834bb-51d6-436f-9492-29455f42ba0d,e986f9ca-be0d-4bad-a33c-b086a80c84da,A Man Alive,2016,1
fae834bb-51d6-436f-9492-29455f42ba0d,21ee5fae-5a20-4d73-8e78-7a123f43de1d,Temple,2020,1
fb821608-35fd-4a45-a4b2-1a0537cee111,ce73cece-a1e1-4df3-8a6e-096728eeb980,Christmas Party,2016,0
fb821608-35fd-4a45-a4b2-1a0537cee111,81953fc0-6c10-4b28-9087-6855d2b5aa75,Melt Away: A Tribute to Brian Wilson,2022,0
fbb375f9-48bb-4635-824e-4120273b3ba7,191344ef-1ac1-4da9-883e-21cfb8927988,Remember Us to Life,2016,0
fbb375f9-48bb-4635-824e-4120273b3ba7,c73c929d-b9e0-4bb1-8823-7acf2b339d89,"Home, before and after",2022,0
fc0b6d53-d174-4b91-9c8e-dc0564275ff6,e866d537-ab94-40e8-b136-95bf4e40a566,Therapy Island,2019,0
fc0b6d53-d174-4b91-9c8e-dc0564275ff6,6f8642d8-fb17-4d18-930f-2cbb35d65216,Emphatically No.,2021,0
fc0b6d53-d174-4b91-9c8e-dc0564275ff6,05a6d772-a08f-4e2e-bd86-18a45c9b76aa,Too Much to Ask,2022,1
fc0b6d53-d174-4b91-9c8e-dc0564275ff6,6d5a0e71-a397-4449-b27c-417777044f83,It’s Sorted,2024,0
fc0b6d53-d174-4b91-9c8e-dc0564275ff6,f3179b5f-8f59-4abb-9bba-a74998b7ec36,Middle Spoon,2025,0
fc61dd75-880b-44ba-9ba9-c7b643d33413,249a6320-5cc6-4375-a278-d6635b9a454b,Sacrifices,2018,0
fc61dd75-880b-44ba-9ba9-c7b643d33413,9be67171-dd07-4f1a-9fb9-cd3fb0442647,Fudge Beats,2019,0
fc61dd75-880b-44ba-9ba9-c7b643d33413,b6a6f0e0-8886-4330-833d-5677cb09792b,The Failing Institute of the Sampled Source,2020,0
fc61dd75-880b-44ba-9ba9-c7b643d33413,d94ee6e1-704d-4ce1-81b2-749778d5c053,The Failing Institute of the Contras,2020,0
fc61dd75-880b-44ba-9ba9-c7b643d33413,74d928aa-18d9-458c-9ba1-bcd37d54c3e4,The Failing Institute of Tapes Upon Tapes (sample pack),2020,0
fc61dd75-880b-44ba-9ba9-c7b643d33413,08245af7-b5fb-4885-945c-d075a46c302f,The Failing Institute of Drums & Other Percussion,2021,0
fc61dd75-880b-44ba-9ba9-c7b643d33413,29550158-fde8-445e-97fb-66a0b099a64f,The Failing Institute of the Human Voice,2021,0
fc61dd75-880b-44ba-9ba9-c7b643d33413,ad1ac14c-6b9e-4d22-9fbc-127eb3d8d25d,The Failing Institute of Season No.2,2021,0
fc61dd75-880b-44ba-9ba9-c7b643d33413,24dd9ae2-186f-47eb-8858-cc7a796fc440,New Strategies for Modern Crime Vol.1,2024,0
fc61dd75-880b-44ba-9ba9-c7b643d33413,88458595-2ae9-4048-8dfd-ea429e6671e2,New Strategies for Modern Crime Vol.2,2024,0
fc6fe95d-ab24-44fd-a086-f33a505ad518,bf294d49-c894-43c1-9429-2dd9ae9a959a,Quarrel,2020,0
fc6fe95d-ab24-44fd-a086-f33a505ad518,fb5149a2-6ef1-4755-941c-a8a411f0defd,Bar Italia NTS 21/11/20,2020,0
fc6fe95d-ab24-44fd-a086-f33a505ad518,a3082a0f-4f5d-46de-bafb-53c4c022b99f,bedhead,2021,0
fc6fe95d-ab24-44fd-a086-f33a505ad518,ba68dbcf-f386-44ee-b69f-c84c1aa40853,Tracey Denim,2023,1
fc6fe95d-ab24-44fd-a086-f33a505ad518,f98d24c6-56bc-452c-b785-106ea3b30e2e,The Twits,2023,0
fc6fe95d-ab24-44fd-a086-f33a505ad518,3ccb9823-64c8-48b9-a498-b8553aef0ad2,Some Like It Hot,2025,1
fc7376fe-1a6f-4414-b4a7-83f50ed59c92,23a0d4ce-5421-4f35-afc4-49983c430edb,Flamagra,2019,0
fc7bbf00-fbaa-4736-986b-b3ac0266ca9b,8a103b36-a632-425f-8980-da934b0c1eb3,Relaxer,2017,1
fc7bbf00-fbaa-4736-986b-b3ac0266ca9b,09cd958e-754b-414d-b8da-e2376135dcd0,The Dream,2022,1
fd29d2c0-a38d-45fa-9f07-259bdea755f4,6ec8ad8d-9cf4-4380-b272-a7d832bbcb33,Sewn Me Anew,2017,1
fd3c3f9f-a471-498e-ab3a-940ac20b6bbd,582a46f8-1e59-4491-acab-5e2f30a058f5,Buoys,2019,0
fd3c3f9f-a471-498e-ab3a-940ac20b6bbd,09563579-df5d-4c90-95d0-76d0a721264a,Reset,2022,0
fd3c3f9f-a471-498e-ab3a-940ac20b6bbd,f02f15c0-3dcd-4463-bcdf-c87838fd27d4,Sinister Grift,2025,1
fd87acc7-e0a0-4a45-bc2a-d2ab5c10be68,84c01ae7-82e5-4965-a5b6-7aeaf539f85c,Dogrel,2019,1
fd87acc7-e0a0-4a45-bc2a-d2ab5c10be68,8eac43e3-2fbc-488b-b728-f79c17836fef,A Hero’s Death,2020,1
fd87acc7-e0a0-4a45-bc2a-d2ab5c10be68,aa2f908a-5aba-40c1-a198-3d0ad4f43486,Skinty Fia,2022,1
fd87acc7-e0a0-4a45-bc2a-d2ab5c10be68,92b095c1-3bbf-456f-9425-2078ad4e9504,Romance,2024,1
fdb53441-e5e6-4657-9aad-8dab672e1cdc,0de8b8c3-0249-4b98-ba1f-894f7b42ebda,WOMB,2020,0
fdb53441-e5e6-4657-9aad-8dab672e1cdc,37c89eb1-977c-4d79-948e-62ecd9866062,purity ring,2025,0
fdbffd97-c991-433c-9137-cafee3ded97a,c39de90c-8da6-4b13-8374-c08791194b2a,What Kinda Music,2020,0
fdbffd97-c991-433c-9137-cafee3ded97a,77dfcfc2-44b7-4265-9334-ddd6efc0d47f,Black Classical Music,2023,1
fe0e1895-aa84-47d9-8e5b-7930fc20709b,4d3b9a71-8b80-4365-8977-d7c7cf064113,Triumvirate,2018,0
fe0e1895-aa84-47d9-8e5b-7930fc20709b,6dc4852c-43bd-47e4-8754-44b075387afe,Big Band Voodoo,2019,0
fe0e1895-aa84-47d9-8e5b-7930fc20709b,b8c13b8f-a316-4bb2-b23b-995c019284ce,Gumbo Blues,2020,0
fe0e1895-aa84-47d9-8e5b-7930fc20709b,b9a5545c-c409-4bd5-8a77-dfca7cbb2023,Things Happen That Way,2022,0
fe0e1895-aa84-47d9-8e5b-7930fc20709b,88dda3f9-7143-46f2-b9ae-9669eb389805,Frankie & Johnny,2024,0
fe920df0-e56d-4556-84c4-11f530ec4abc,37a898ef-db70-4864-bc5e-3680bd9e332a,Plastic Cough,2017,0
fe920df0-e56d-4556-84c4-11f530ec4abc,dc97c04b-cfb7-45f7-adfc-7a1c55e1cea7,Four of Arrows,2019,1
fe920df0-e56d-4556-84c4-11f530ec4abc,e554a7c2-a1dd-47b1-aa2b-e62d99bab2ca,"Patience, Moonbeam",2025,0
ff0d20a7-a69e-4207-a18f-ca808759499d,d4a66250-e104-4eff-b128-eb375e43520e,Green to Gold,2021,0
ff0d20a7-a69e-4207-a18f-ca808759499d,5d8c4608-972a-42b9-8a6f-ad6d66af20d1,Blight,2025,0
ff621094-2a76-401f-8398-b75b5fd2be24,51f48366-fa8d-4fb0-afd0-ae6895d7d0f9,Call the Comet,2018,1
ff621094-2a76-401f-8398-b75b5fd2be24,e3e83b24-5d95-47a3-9b04-4dfaba0f69a1,Fever Dreams Pts. 1-4,2022,0
